youthidCUF,pos_outdegree,neg_outdegree,pos_indegree,neg_indegree,reciprocal,non_reciprocal,pos_isolate,neg_isolate
10200101,2,4,2,4,2,1,0,0
10200103,1,2,1,5,1,1,0,0
10200105,3,1,1,0,1,3,0,0
10200106,3,4,4,3,2,2,0,0
10200114,2,3,5,1,2,1,0,0
10200115,5,1,1,1,0,5,0,0
10200117,5,3,7,0,5,0,0,0
10200118,5,0,8,1,4,1,0,0
10200120,4,4,3,5,2,3,0,0
10200122,3,4,3,3,1,3,0,0
10200123,5,5,1,1,1,4,0,0
10200124,3,5,3,2,3,1,0,0
10420201,3,2,3,1,2,2,0,0
10420202,5,2,2,6,2,3,0,0
10420203,3,1,3,6,2,2,0,0
10420204,4,1,3,2,2,3,0,0
10420206,2,3,7,0,2,1,0,0
10420207,4,1,4,0,2,3,0,0
10420208,3,2,4,1,2,2,0,0
10420209,4,1,1,0,1,4,0,0
10420210,3,2,2,0,1,3,0,0
10420212,5,0,3,0,3,2,0,1
10420214,5,5,9,0,4,1,0,0
10420217,2,2,1,8,1,2,0,0
10420218,4,3,5,2,3,2,0,0
10420219,5,5,0,2,0,5,0,0
10420222,5,4,1,2,1,4,0,0
10440101,4,3,1,2,1,4,0,0
10440106,5,3,1,5,1,4,0,0
10440107,0,2,2,0,0,1,0,0
10440108,5,0,3,1,1,4,0,0
10440111,5,0,2,0,2,3,0,1
10440113,3,1,2,0,1,3,0,0
10440114,2,3,1,4,1,2,0,0
10440116,5,0,3,1,3,2,0,0
10440118,5,4,1,0,1,4,0,0
10440121,5,5,1,3,1,4,0,0
10440204,4,3,1,3,1,4,0,0
10440205,3,2,3,1,2,2,0,0
10440206,2,1,2,0,2,1,0,0
10440209,4,4,3,1,3,2,0,0
10440211,5,1,3,1,2,3,0,0
10440213,3,3,0,1,0,4,0,0
10440214,1,5,0,2,0,2,0,0
10440215,4,5,2,1,2,3,0,0
10440216,4,1,2,1,2,3,0,0
10440219,1,5,2,0,1,1,0,0
10440220,1,5,3,1,1,1,0,0
10480101,2,5,3,8,2,1,0,0
10480102,1,3,0,14,0,2,0,0
10480103,5,4,2,1,2,3,0,0
10480105,2,4,3,10,2,1,0,0
10480106,2,5,2,0,1,2,0,0
10480107,5,1,2,2,2,3,0,0
10480108,5,1,3,0,3,2,0,0
10480111,2,4,1,4,1,2,0,0
10480113,5,4,2,0,2,3,0,0
10480116,5,5,5,0,4,1,0,0
10480117,4,4,1,2,1,4,0,0
10480118,5,5,5,0,4,1,0,0
10480119,2,4,3,2,2,1,0,0
10480120,4,5,4,5,3,2,0,0
10480121,3,4,4,1,3,1,0,0
10480122,5,5,6,0,4,1,0,0
10480123,5,5,2,0,2,3,0,0
10480202,3,3,0,0,0,4,0,0
10480203,4,2,3,1,2,3,0,0
10480208,4,2,3,2,2,3,0,0
10480209,5,5,3,1,2,3,0,0
10480211,3,4,2,9,2,2,0,0
10480212,2,4,2,1,2,1,0,0
10480213,4,4,5,1,2,3,0,0
10480214,2,5,2,0,2,1,0,0
10480215,2,5,2,5,2,1,0,0
10480216,2,3,1,0,1,2,0,0
10480217,3,5,2,5,2,2,0,0
10480218,2,3,1,1,1,2,0,0
10480219,5,5,2,1,2,3,0,0
10480220,2,4,2,0,1,2,0,0
10480221,2,3,2,0,1,2,0,0
11520101,4,2,2,2,1,4,0,0
11520103,0,3,1,1,0,1,0,0
11520104,4,3,3,0,3,2,0,0
11520106,5,5,6,1,4,1,0,0
11520107,5,2,3,0,2,3,0,0
11520109,0,4,0,0,0,1,1,0
11520110,2,3,2,14,2,1,0,0
11520111,4,3,7,0,3,2,0,0
11520112,5,2,2,0,2,3,0,0
11520113,5,5,2,1,2,3,0,0
11520114,3,2,3,0,2,2,0,0
11520115,5,1,6,0,4,1,0,0
11520116,5,0,3,1,2,3,0,0
11520118,3,3,2,1,2,2,0,0
11520119,5,5,2,3,2,3,0,0
11520120,3,5,1,14,1,3,0,0
11520123,3,3,2,1,2,2,0,0
11520124,3,3,3,5,2,2,0,0
11520125,4,5,2,3,2,3,0,0
11520202,5,5,2,0,2,3,0,0
11520207,2,5,2,3,1,2,0,0
11520208,3,1,3,3,2,2,0,0
11520210,5,5,4,4,3,2,0,0
11520212,3,5,2,10,2,2,0,0
11520214,5,4,6,1,4,1,0,0
11520215,4,4,2,0,2,3,0,0
11520216,5,4,0,1,0,5,0,0
11520219,5,5,3,1,2,3,0,0
11520220,3,3,3,3,3,1,0,0
11520221,3,3,4,2,3,1,0,0
11520222,3,3,0,3,0,4,0,0
11520223,5,5,5,0,5,0,0,0
11520224,3,5,4,4,3,1,0,0
11630101,5,4,5,3,4,1,0,0
11630102,5,3,5,1,4,1,0,0
11630103,5,0,3,1,3,2,0,0
11630104,5,3,7,3,4,1,0,0
11630105,5,5,3,6,3,2,0,0
11630106,5,4,3,5,1,4,0,0
11630107,5,4,8,5,4,1,0,0
11630108,5,0,5,0,0,5,0,1
11630109,5,4,7,2,4,1,0,0
11630110,5,3,5,1,1,4,0,0
11630111,5,5,4,1,4,1,0,0
11630112,5,4,3,1,2,3,0,0
11630113,4,4,3,1,3,2,0,0
11630114,4,5,6,3,4,1,0,0
11630115,5,3,4,1,3,2,0,0
11630118,4,1,4,5,3,2,0,0
11630119,4,4,3,3,2,3,0,0
11630120,2,1,0,5,0,3,0,0
11630123,5,4,6,2,3,2,0,0
11630124,5,5,0,15,0,5,0,0
11630126,5,3,2,1,2,3,0,0
11630127,4,5,3,1,3,2,0,0
11630128,5,5,3,3,3,2,0,0
11630130,5,2,3,1,3,2,0,0
11630132,4,3,3,1,3,2,0,0
12180101,5,5,3,0,2,3,0,0
12180102,5,1,0,6,0,5,0,0
12180103,3,3,4,1,2,2,0,0
12180104,5,5,4,1,2,3,0,0
12180112,3,2,1,2,0,4,0,0
12180114,4,5,0,1,0,5,0,0
12180115,5,5,2,2,2,3,0,0
12180118,5,2,3,0,3,2,0,0
12180120,2,5,2,0,1,2,0,0
12180121,4,5,3,3,2,3,0,0
12750201,5,5,5,2,3,2,0,0
12750203,5,5,3,0,3,2,0,0
12750204,5,5,3,1,2,3,0,0
12750205,3,4,1,2,0,4,0,0
12750208,1,5,0,3,0,2,0,0
12750210,5,5,4,0,3,2,0,0
12750211,4,4,5,1,3,2,0,0
12750213,4,0,2,6,2,3,0,0
12750214,1,0,2,3,1,1,0,0
12750215,4,5,1,3,1,4,0,0
13440102,0,2,0,1,0,1,1,0
13440107,4,5,1,1,1,4,0,0
13440108,4,1,0,4,0,5,0,0
13440109,3,5,1,0,0,4,0,0
13440111,5,5,2,1,1,4,0,0
13440112,2,5,4,4,2,1,0,0
13440113,4,5,5,0,2,3,0,0
13440114,2,0,2,3,1,2,0,0
13440115,5,5,2,1,0,5,0,0
13440117,0,0,0,0,0,1,1,1
13440122,4,2,1,0,1,4,0,0
13440125,3,4,1,6,0,4,0,0
13440126,5,4,0,3,0,5,0,0
13440302,3,4,4,0,3,1,0,0
13440304,5,3,3,1,1,4,0,0
13440305,5,5,4,1,1,4,0,0
13440306,4,1,7,0,3,2,0,0
13440308,5,5,3,0,2,3,0,0
13440310,5,5,3,1,2,3,0,0
13440311,5,1,4,7,4,1,0,0
13440313,4,4,1,3,1,4,0,0
13440314,5,5,0,6,0,5,0,0
13440315,2,2,4,2,2,1,0,0
13440316,4,2,3,6,2,3,0,0
13440318,4,4,4,0,3,2,0,0
13440319,4,2,6,4,3,2,0,0
13440320,4,1,2,12,1,4,0,0
13440323,5,5,5,3,3,2,0,0
13440324,4,3,2,0,1,4,0,0
13440325,5,2,4,0,1,4,0,0
13440326,5,3,1,3,1,4,0,0
13440327,5,3,3,3,3,2,0,0
13440328,3,5,3,1,3,1,0,0
13620102,5,3,3,0,3,2,0,0
13620104,5,3,3,0,3,2,0,0
13620105,5,0,7,0,3,2,0,1
13620106,5,2,5,1,4,1,0,0
13620107,5,3,3,2,2,3,0,0
13620108,3,2,1,2,1,3,0,0
13620109,5,2,6,0,5,0,0,0
13620110,2,3,2,2,2,1,0,0
13620111,5,0,6,2,5,0,0,0
13620112,5,4,1,4,1,4,0,0
13620114,5,1,6,0,5,0,0,0
13620115,4,5,5,5,4,1,0,0
13620117,4,0,5,0,4,1,0,1
13620202,3,4,2,3,2,2,0,0
13620205,3,4,2,2,2,2,0,0
13620206,4,5,3,1,2,3,0,0
13620207,2,3,1,7,1,2,0,0
13620208,5,4,0,2,0,5,0,0
13620209,4,5,3,0,3,2,0,0
13620210,3,3,3,0,2,2,0,0
13620211,4,5,3,2,3,2,0,0
13620212,2,3,2,4,1,2,0,0
13620214,5,4,1,0,1,4,0,0
13620215,1,2,1,8,1,1,0,0
13620218,4,0,3,1,3,2,0,0
13620219,4,4,4,1,3,2,0,0
14110102,5,1,1,2,1,4,0,0
14110105,5,5,3,0,3,2,0,0
14110107,5,5,2,0,2,3,0,0
14110109,4,5,0,4,0,5,0,0
14110110,5,1,2,1,1,4,0,0
14110111,1,4,1,1,0,2,0,0
14110112,5,5,0,0,0,5,0,0
14110115,4,4,0,2,0,5,0,0
14110118,5,3,4,0,3,2,0,0
14110120,3,1,1,0,0,4,0,0
14390105,3,1,2,2,2,2,0,0
14390106,3,5,2,1,2,2,0,0
14390109,4,2,3,2,3,2,0,0
14390110,3,2,2,2,1,3,0,0
14390113,2,1,1,5,1,2,0,0
14390114,2,4,2,2,2,1,0,0
14390115,1,1,1,0,1,1,0,0
14390119,3,5,3,0,2,2,0,0
14390120,3,4,2,0,2,2,0,0
14390122,4,2,1,0,1,4,0,0
14390123,2,3,2,0,2,1,0,0
14390124,1,0,3,1,1,1,0,0
14690101,3,1,2,2,2,2,0,0
14690103,3,2,3,1,3,1,0,0
14690107,4,3,3,0,2,3,0,0
14690108,5,0,5,0,5,0,0,1
14690109,4,0,4,0,3,2,0,1
14690110,5,0,6,0,4,1,0,1
14690111,3,2,2,2,1,3,0,0
14690114,3,0,4,0,3,1,0,1
14690115,5,0,4,1,4,1,0,0
14690116,2,3,5,0,1,2,0,0
14690117,5,4,3,4,3,2,0,0
14690118,1,3,2,3,1,1,0,0
14690119,3,3,3,5,2,2,0,0
14690120,4,1,2,2,2,3,0,0
14690201,4,0,3,2,3,2,0,0
14690202,5,2,3,3,3,2,0,0
14690203,5,1,4,6,4,1,0,0
14690205,4,4,5,1,4,1,0,0
14690206,4,5,4,5,2,3,0,0
14690207,4,1,4,0,3,2,0,0
14690209,5,5,5,2,4,1,0,0
14690210,3,2,1,2,1,3,0,0
14690211,5,3,4,1,4,1,0,0
14690212,1,5,2,1,1,1,0,0
14690213,3,2,4,2,3,1,0,0
14690214,5,4,3,3,2,3,0,0
14690215,1,4,0,11,0,2,0,0
14690216,3,2,1,3,1,3,0,0
14690217,1,3,2,1,1,1,0,0
14690218,3,3,4,0,2,2,0,0
14790101,5,5,2,2,2,3,0,0
14790104,2,3,4,4,1,2,0,0
14790105,3,5,1,8,1,3,0,0
14790107,3,5,2,2,2,2,0,0
14790109,0,3,2,6,0,1,0,0
14790111,3,2,2,2,2,2,0,0
14790114,2,3,0,10,0,3,0,0
14790115,2,3,3,0,2,1,0,0
14790116,5,5,1,7,1,4,0,0
14790117,5,5,6,1,4,1,0,0
14790118,3,5,2,0,2,2,0,0
14790119,2,2,3,3,2,1,0,0
14790120,4,0,4,3,4,1,0,0
14790121,4,3,5,1,4,1,0,0
14790122,3,5,2,1,2,2,0,0
14790123,4,5,4,1,4,1,0,0
14790124,3,4,2,1,1,3,0,0
14790125,2,5,3,0,2,1,0,0
14790126,3,3,3,1,3,1,0,0
14790127,4,5,3,8,3,2,0,0
14790202,4,5,2,0,1,4,0,0
14790203,3,2,1,0,0,4,0,0
14790208,5,5,1,1,1,4,0,0
14790209,2,4,3,1,1,2,0,0
14790212,2,5,1,6,1,2,0,0
14790214,5,3,3,3,3,2,0,0
14790215,5,5,3,4,2,3,0,0
14790216,5,1,3,1,3,2,0,0
14790217,4,0,3,1,2,3,0,0
14790220,5,5,2,4,1,4,0,0
14790221,2,2,1,4,0,3,0,0
14790225,5,5,1,1,1,4,0,0
14840101,2,2,4,3,1,2,0,0
14840104,4,3,2,1,2,3,0,0
14840105,3,5,1,1,1,3,0,0
14840107,3,2,2,1,1,3,0,0
14840109,0,5,0,6,0,1,1,0
14840110,1,1,2,1,0,2,0,0
14840111,2,3,0,5,0,3,0,0
14840117,4,3,2,1,1,4,0,0
14840118,5,5,1,0,1,4,0,0
14840119,5,2,3,3,3,2,0,0
14840122,5,0,2,1,2,3,0,0
15130202,5,2,5,1,4,1,0,0
15130206,5,4,2,4,2,3,0,0
15130207,4,4,5,2,3,2,0,0
15130208,2,4,3,3,1,2,0,0
15130209,5,5,1,7,0,5,0,0
15130210,5,3,4,3,1,4,0,0
15130211,3,5,3,1,2,2,0,0
15130212,5,5,3,1,2,3,0,0
15130213,2,2,2,9,1,2,0,0
15130214,5,5,4,0,4,1,0,0
15130215,5,2,2,8,2,3,0,0
15130216,5,5,3,0,1,4,0,0
15130218,4,5,4,9,3,2,0,0
15130219,3,3,3,7,3,1,0,0
15130220,1,3,3,4,1,1,0,0
15130221,3,3,3,3,1,3,0,0
15130222,5,4,4,2,3,2,0,0
15130223,4,5,2,1,2,3,0,0
15130224,4,5,4,3,3,2,0,0
15130225,2,5,3,1,1,2,0,0
15130226,0,5,1,9,0,1,0,0
15130401,5,1,3,1,2,3,0,0
15130405,4,5,1,1,1,4,0,0
15130406,5,4,3,2,3,2,0,0
15130408,5,5,5,3,2,3,0,0
15130409,4,5,2,2,1,4,0,0
15130410,5,5,2,1,2,3,0,0
15130411,5,3,6,1,2,3,0,0
15130414,5,3,3,2,3,2,0,0
15130415,5,5,1,6,1,4,0,0
15130416,5,2,2,5,1,4,0,0
15130418,2,2,4,1,2,1,0,0
15130419,5,4,7,4,3,2,0,0
15130420,5,0,4,1,4,1,0,0
15130421,4,2,5,1,4,1,0,0
15130422,3,3,0,4,0,4,0,0
15130424,5,0,0,2,0,5,0,0
15130425,5,5,5,1,3,2,0,0
15130426,4,3,4,3,2,3,0,0
15130428,5,0,7,0,4,1,0,1
15720102,5,5,5,5,4,1,0,0
15720103,5,4,5,1,4,1,0,0
15720104,5,3,4,1,4,1,0,0
15720105,5,5,1,9,1,4,0,0
15720108,5,5,3,7,3,2,0,0
15720109,3,5,2,8,2,2,0,0
15720110,5,5,7,1,2,3,0,0
15720111,5,5,3,1,2,3,0,0
15720112,5,5,5,8,3,2,0,0
15720113,4,4,3,5,1,4,0,0
15720114,5,3,5,2,4,1,0,0
15720115,4,5,2,1,2,3,0,0
15720117,4,2,6,1,3,2,0,0
15720203,3,4,2,0,1,3,0,0
15720204,2,1,1,4,0,3,0,0
15720205,1,4,0,5,0,2,0,0
15720207,5,4,2,3,2,3,0,0
15720210,4,5,3,3,2,3,0,0
15720213,3,5,1,4,0,4,0,0
15720214,5,5,1,1,1,4,0,0
15720215,2,4,1,1,1,2,0,0
15720216,5,5,4,3,3,2,0,0
15720217,3,2,3,3,2,2,0,0
15720218,2,5,2,3,2,1,0,0
16620101,5,5,5,4,5,0,0,0
16620103,5,5,4,4,4,1,0,0
16620104,4,1,5,2,3,2,0,0
16620105,4,1,8,1,3,2,0,0
16620108,5,5,4,4,2,3,0,0
16620109,5,5,1,7,1,4,0,0
16620111,4,3,4,14,3,2,0,0
16620112,5,5,4,2,4,1,0,0
16620113,5,4,5,1,4,1,0,0
16620114,5,4,4,0,2,3,0,0
16620115,1,5,2,0,1,1,0,0
16620116,5,5,7,1,5,0,0,0
16620117,3,3,3,0,1,3,0,0
16620118,5,4,6,3,5,0,0,0
16620119,5,4,0,4,0,5,0,0
16620120,5,3,6,0,3,2,0,0
16620121,5,5,4,1,2,3,0,0
16620122,5,5,5,6,5,0,0,0
16620123,4,4,6,0,4,1,0,0
16620124,3,5,3,3,3,1,0,0
16620125,5,5,6,4,5,0,0,0
16620126,5,5,5,4,3,2,0,0
16620127,5,4,2,14,2,3,0,0
16620128,5,1,2,2,1,4,0,0
16620129,2,2,3,2,1,2,0,0
16620130,3,2,2,13,2,2,0,0
16620402,3,5,2,0,2,2,0,0
16620404,5,5,6,0,4,1,0,0
16620405,5,3,3,0,2,3,0,0
16620406,5,3,4,0,3,2,0,0
16620409,4,3,2,5,2,3,0,0
16620410,4,1,1,7,1,4,0,0
16620411,2,3,4,0,2,1,0,0
16620412,5,1,4,0,2,3,0,0
16620413,5,4,5,1,3,2,0,0
16620414,5,4,3,0,2,3,0,0
16620415,4,2,5,0,3,2,0,0
16620416,5,1,2,0,2,3,0,0
16620419,0,1,0,10,0,1,1,0
16620422,5,3,5,0,2,3,0,0
16620426,5,4,1,2,1,4,0,0
16620427,5,0,5,1,3,2,0,0
16620429,4,5,2,1,1,4,0,0
16620430,4,1,1,7,1,4,0,0
17300201,5,3,7,0,4,1,0,0
17300202,3,1,1,8,1,3,0,0
17300203,2,2,1,0,1,2,0,0
17300204,4,5,2,2,2,3,0,0
17300205,4,5,3,1,3,2,0,0
17300207,5,5,1,1,1,4,0,0
17300208,2,3,2,9,1,2,0,0
17300209,5,5,5,1,4,1,0,0
17300212,4,4,4,0,4,1,0,0
17300213,1,4,0,9,0,2,0,0
17300215,5,2,4,0,3,2,0,0
17300217,2,4,2,2,1,2,0,0
17300219,4,5,1,2,1,4,0,0
17300221,3,0,4,0,3,1,0,1
17300222,5,5,3,0,3,2,0,0
17300224,2,4,3,1,2,1,0,0
17300501,5,4,2,1,2,3,0,0
17300503,1,5,3,2,1,1,0,0
17300504,5,1,4,1,1,4,0,0
17300505,3,0,4,2,2,2,0,0
17300506,5,1,3,3,3,2,0,0
17300507,2,5,1,9,1,2,0,0
17300508,5,4,4,2,4,1,0,0
17300509,5,3,4,0,3,2,0,0
17300510,3,3,3,5,2,2,0,0
17300511,5,3,3,1,2,3,0,0
17300512,3,3,2,0,2,2,0,0
17300513,3,1,5,0,3,1,0,0
17300515,3,1,1,14,1,3,0,0
17300516,5,2,5,0,4,1,0,0
17300518,2,1,2,2,2,1,0,0
17300519,3,5,2,2,2,2,0,0
17300520,3,3,3,0,3,1,0,0
17300521,5,1,7,1,5,0,0,0
17300522,2,2,2,2,2,1,0,0
17300523,5,1,7,2,5,0,0,0
17300524,5,5,4,3,4,1,0,0
17300525,5,1,5,1,4,1,0,0
17830101,5,0,4,1,4,1,0,0
17830103,2,3,0,0,0,3,0,0
17830104,3,2,4,1,2,2,0,0
17830105,0,1,1,1,0,1,0,0
17830107,2,1,2,3,1,2,0,0
17830108,5,1,4,0,3,2,0,0
17830109,5,2,3,2,1,4,0,0
17830111,4,4,0,0,0,5,0,0
17830116,5,5,4,1,2,3,0,0
17830118,5,1,3,1,3,2,0,0
18500101,5,5,2,2,2,3,0,0
18500102,5,5,4,0,3,2,0,0
18500104,3,2,3,0,3,1,0,0
18500105,3,5,3,3,3,1,0,0
18500106,3,5,3,6,3,1,0,0
18500111,2,5,3,1,2,1,0,0
18500112,5,4,5,2,4,1,0,0
18500114,5,2,2,6,1,4,0,0
18500115,3,5,2,1,2,2,0,0
18500117,5,5,4,0,4,1,0,0
18500118,5,5,3,0,3,2,0,0
18500120,2,1,2,4,2,1,0,0
18500121,5,5,5,2,4,1,0,0
18500122,5,5,3,4,3,2,0,0
18500123,5,2,2,1,2,3,0,0
18500124,5,1,6,0,5,0,0,0
18500125,2,2,2,1,2,1,0,0
18500126,0,2,0,14,0,1,1,0
18560305,4,5,3,3,1,4,0,0
18560306,5,5,1,1,1,4,0,0
18560307,4,5,2,2,2,3,0,0
18560309,2,3,2,2,2,1,0,0
18560313,4,5,2,4,2,3,0,0
18560316,2,5,2,2,0,3,0,0
18560317,2,4,1,0,1,2,0,0
18560318,5,4,0,7,0,5,0,0
18560319,3,5,1,4,1,3,0,0
18560325,2,3,2,3,2,1,0,0
19860202,5,1,4,1,4,1,0,0
19860204,5,3,3,3,3,2,0,0
19860205,4,1,1,2,1,4,0,0
19860206,5,5,6,0,4,1,0,0
19860207,5,1,1,1,0,5,0,0
19860208,4,1,6,1,3,2,0,0
19860210,3,5,4,2,1,3,0,0
19860211,5,5,6,2,4,1,0,0
19860214,3,5,1,0,1,3,0,0
19860215,1,5,1,2,1,1,0,0
20320101,3,2,2,2,2,2,0,0
20320102,5,5,3,8,3,2,0,0
20320103,2,5,2,7,2,1,0,0
20320104,3,3,2,0,1,3,0,0
20320105,2,5,0,3,0,3,0,0
20320106,3,4,3,2,3,1,0,0
20320109,5,2,3,2,3,2,0,0
20320110,3,3,5,0,3,1,0,0
20320112,4,5,2,7,1,4,0,0
20320114,4,5,5,1,2,3,0,0
20320115,5,4,7,1,4,1,0,0
20320116,3,5,1,9,1,3,0,0
20320117,2,5,3,0,2,1,0,0
20320118,5,5,4,1,2,3,0,0
20320119,2,1,2,8,2,1,0,0
20320120,2,4,2,8,1,2,0,0
20320121,3,5,6,2,3,1,0,0
20320122,2,5,2,10,2,1,0,0
20320123,4,4,4,1,3,2,0,0
20320126,3,3,4,2,2,2,0,0
20320401,5,5,3,4,2,3,0,0
20320403,5,0,3,2,3,2,0,0
20320405,1,4,0,1,0,2,0,0
20320410,3,5,2,0,1,3,0,0
20320414,0,0,0,10,0,1,1,0
20320419,5,5,1,0,1,4,0,0
20320420,3,1,1,1,1,3,0,0
20320421,5,2,3,0,2,3,0,0
20320423,4,2,3,2,3,2,0,0
20320424,3,2,2,0,0,4,0,0
20320425,3,2,3,0,2,2,0,0
20320426,2,2,2,0,1,2,0,0
20320428,3,3,1,2,0,4,0,0
20320429,5,1,2,0,2,3,0,0
20330301,4,5,4,4,3,2,0,0
20330303,5,5,3,3,3,2,0,0
20330304,5,3,3,3,3,2,0,0
20330305,3,5,0,0,0,4,0,0
20330306,2,3,5,2,2,1,0,0
20330307,4,3,2,5,2,3,0,0
20330308,2,2,3,1,2,1,0,0
20330309,1,5,2,4,1,1,0,0
20330312,3,5,3,10,3,1,0,0
20330313,4,3,2,2,2,3,0,0
20330314,4,4,2,4,2,3,0,0
20330315,5,3,2,4,2,3,0,0
20330316,2,3,3,2,2,1,0,0
20330317,3,1,5,2,2,2,0,0
20330319,4,3,5,2,3,2,0,0
20330320,4,3,2,4,2,3,0,0
20330322,3,0,5,0,2,2,0,1
20330324,2,2,3,0,2,1,0,0
20330327,3,3,4,4,2,2,0,0
20350203,4,5,3,1,1,4,0,0
20350204,5,5,2,2,1,4,0,0
20350205,2,3,4,0,1,2,0,0
20350206,5,1,0,3,0,5,0,0
20350207,5,5,1,5,0,5,0,0
20350209,4,2,1,0,1,4,0,0
20350212,4,5,2,2,2,3,0,0
20350214,5,2,4,2,3,2,0,0
20350216,5,4,3,1,2,3,0,0
20350218,5,5,4,2,3,2,0,0
20350220,5,5,3,2,3,2,0,0
20350222,5,3,2,0,2,3,0,0
20350224,5,3,5,1,1,4,0,0
20350225,5,5,1,5,1,4,0,0
20350227,2,5,2,0,1,2,0,0
20350401,3,5,3,0,3,1,0,0
20350402,5,2,6,1,5,0,0,0
20350403,5,2,4,0,4,1,0,0
20350404,4,3,4,0,4,1,0,0
20350407,4,2,4,0,2,3,0,0
20350408,4,4,3,0,3,2,0,0
20350410,5,2,5,5,4,1,0,0
20350411,3,1,3,2,3,1,0,0
20350412,5,2,1,2,0,5,0,0
20350413,5,3,1,9,1,4,0,0
20350414,3,4,6,4,3,1,0,0
20350417,4,4,3,1,3,2,0,0
20350418,5,2,2,5,2,3,0,0
20350419,4,2,2,0,2,3,0,0
20350421,4,2,3,0,2,3,0,0
20350422,2,5,3,4,2,1,0,0
20350423,5,4,4,8,3,2,0,0
20350424,5,0,6,2,5,0,0,0
20350425,3,4,1,4,1,3,0,0
20490201,3,4,2,3,1,3,0,0
20490202,5,5,1,0,1,4,0,0
20490203,2,5,3,1,1,2,0,0
20490204,0,2,2,1,0,1,0,0
20490209,4,5,3,3,3,2,0,0
20490210,3,3,4,0,2,2,0,0
20490211,3,5,0,4,0,4,0,0
20490212,5,4,4,1,2,3,0,0
20490213,5,5,1,3,1,4,0,0
20490216,4,5,4,1,2,3,0,0
20490217,4,4,4,0,2,3,0,0
20490219,5,3,2,0,2,3,0,0
20490223,4,4,2,1,1,4,0,0
20490225,5,5,1,4,0,5,0,0
20490227,5,3,1,7,0,5,0,0
20490229,5,5,2,2,1,4,0,0
20490230,5,5,1,2,1,4,0,0
20490301,2,3,0,1,0,3,0,0
20490302,1,2,0,9,0,2,0,0
20490303,4,3,6,1,4,1,0,0
20490304,5,5,4,1,2,3,0,0
20490305,3,1,4,1,2,2,0,0
20490306,2,2,1,4,1,2,0,0
20490307,5,5,3,0,2,3,0,0
20490308,0,4,2,3,0,1,0,0
20490310,2,2,2,3,1,2,0,0
20490311,2,1,2,1,1,2,0,0
20490313,5,3,4,2,4,1,0,0
20490323,5,4,3,0,3,2,0,0
21280101,4,5,3,2,3,2,0,0
21280104,5,4,3,1,0,5,0,0
21280105,4,3,1,2,1,4,0,0
21280106,3,2,1,1,1,3,0,0
21280107,5,3,3,2,2,3,0,0
21280108,2,3,5,3,2,1,0,0
21280109,5,2,4,5,4,1,0,0
21280113,4,4,4,2,2,3,0,0
21280115,5,5,0,0,0,5,0,0
21280116,5,2,4,0,3,2,0,0
21280119,4,3,0,1,0,5,0,0
21280120,3,1,4,0,2,2,0,0
21280121,5,3,3,3,2,3,0,0
21280123,3,5,1,6,1,3,0,0
21280301,1,5,0,4,0,2,0,0
21280302,5,0,2,1,2,3,0,0
21280305,2,1,2,1,2,1,0,0
21280306,4,0,5,1,3,2,0,0
21280307,5,2,1,0,1,4,0,0
21280308,5,5,3,2,2,3,0,0
21280309,4,0,4,0,3,2,0,1
21280310,4,2,2,1,1,4,0,0
21280311,5,5,5,1,4,1,0,0
21280312,5,5,3,0,0,5,0,0
21280313,2,1,1,4,1,2,0,0
21280315,1,5,2,3,0,2,0,0
21280316,5,5,4,3,3,2,0,0
21280317,3,1,2,0,1,3,0,0
21280319,3,3,1,6,1,3,0,0
21730201,4,2,1,1,1,4,0,0
21730202,4,1,1,1,0,5,0,0
21730203,5,3,2,0,2,3,0,0
21730204,4,3,2,3,2,3,0,0
21730205,4,5,4,1,3,2,0,0
21730206,4,5,6,2,3,2,0,0
21730207,5,2,5,0,4,1,0,0
21730210,4,4,3,2,2,3,0,0
21730211,5,1,2,2,1,4,0,0
21730212,5,1,9,0,5,0,0,0
21730213,3,3,1,5,1,3,0,0
21730215,3,4,1,11,0,4,0,0
21730217,5,5,2,0,2,3,0,0
21730219,4,5,5,1,3,2,0,0
21730220,5,5,6,0,5,0,0,0
21730221,5,3,3,0,2,3,0,0
21730226,5,3,4,4,4,1,0,0
21730227,5,0,2,2,2,3,0,0
21730228,4,0,4,1,2,3,0,0
21730229,4,0,3,0,2,3,0,1
21730301,1,0,0,2,0,2,0,0
21730302,5,0,5,0,3,2,0,1
21730304,4,4,2,1,1,4,0,0
21730305,4,5,2,0,1,4,0,0
21730306,4,4,2,3,2,3,0,0
21730308,5,1,2,2,2,3,0,0
21730312,5,2,5,1,3,2,0,0
21730313,4,3,2,2,2,3,0,0
21730321,3,5,0,4,0,4,0,0
21730322,5,2,3,0,3,2,0,0
21730323,4,5,1,1,1,4,0,0
21730325,3,5,2,1,2,2,0,0
22440301,5,0,7,0,4,1,0,1
22440302,5,4,0,2,0,5,0,0
22440303,5,5,7,0,3,2,0,0
22440305,3,1,4,0,3,1,0,0
22440306,5,2,7,1,4,1,0,0
22440307,3,5,1,11,1,3,0,0
22440309,5,1,4,9,3,2,0,0
22440310,5,5,4,1,4,1,0,0
22440312,4,5,1,3,1,4,0,0
22440313,5,4,0,0,0,5,0,0
22440315,5,0,4,0,4,1,0,1
22440316,5,5,3,2,3,2,0,0
22440319,5,2,1,2,1,4,0,0
22440320,3,4,6,0,2,2,0,0
22440322,5,2,5,0,4,1,0,0
22440323,5,4,7,1,4,1,0,0
22440326,5,2,3,0,3,2,0,0
22440601,5,3,3,2,3,2,0,0
22440602,5,3,3,1,3,2,0,0
22440603,5,2,1,0,1,4,0,0
22440605,5,3,3,0,2,3,0,0
22440606,4,0,4,0,3,2,0,1
22440608,5,1,4,0,2,3,0,0
22440609,2,0,1,4,1,2,0,0
22440610,3,0,4,2,2,2,0,0
22440611,5,5,4,0,2,3,0,0
22440612,5,4,1,0,1,4,0,0
22440617,2,4,1,5,1,2,0,0
22440620,5,3,3,0,3,2,0,0
22440622,5,4,4,2,3,2,0,0
22440623,5,1,5,1,3,2,0,0
22440624,1,0,1,4,1,1,0,0
22440626,5,4,4,6,3,2,0,0
22440627,5,3,2,4,2,3,0,0
22480102,5,3,1,0,0,5,0,0
22480104,5,3,2,1,2,3,0,0
22480105,5,5,3,5,2,3,0,0
22480106,4,5,1,1,1,4,0,0
22480107,5,5,1,6,0,5,0,0
22480108,5,4,3,1,1,4,0,0
22480110,3,3,1,2,1,3,0,0
22480112,5,5,4,2,2,3,0,0
22480114,2,4,3,6,2,1,0,0
22480116,5,3,2,4,2,3,0,0
22480117,5,5,2,1,2,3,0,0
22480118,5,0,1,2,1,4,0,0
22480119,4,4,5,2,3,2,0,0
22480121,5,0,1,4,1,4,0,0
22480122,5,5,6,3,3,2,0,0
22480125,2,3,4,1,1,2,0,0
22480127,5,3,2,0,1,4,0,0
22480130,3,5,3,3,3,1,0,0
22480131,0,0,1,2,0,1,0,0
22800203,2,3,2,1,1,2,0,0
22800204,3,3,0,1,0,4,0,0
22800205,5,5,3,1,3,2,0,0
22800206,4,4,4,1,2,3,0,0
22800208,5,2,2,7,0,5,0,0
22800209,3,5,0,0,0,4,0,0
22800210,4,3,1,6,0,5,0,0
22800213,4,4,3,1,0,5,0,0
22800214,2,5,4,3,2,1,0,0
22800215,4,1,4,2,2,3,0,0
22800216,5,5,5,0,5,0,0,0
22800217,4,3,2,0,2,3,0,0
22800221,2,5,3,3,2,1,0,0
22800222,5,5,5,0,4,1,0,0
22800225,5,4,2,0,2,3,0,0
22800226,4,5,4,4,3,2,0,0
22800227,5,1,2,0,2,3,0,0
22800228,5,5,4,0,4,1,0,0
22800229,5,2,4,5,3,2,0,0
22800230,5,2,1,9,1,4,0,0
22800231,5,5,2,5,2,3,0,0
22800301,5,4,5,2,4,1,0,0
22800303,4,4,4,2,4,1,0,0
22800305,3,5,3,0,3,1,0,0
22800306,4,5,1,2,1,4,0,0
22800307,4,2,6,1,4,1,0,0
22800308,3,1,1,6,1,3,0,0
22800310,5,5,4,1,1,4,0,0
22800311,2,1,4,1,2,1,0,0
22800312,5,5,3,2,2,3,0,0
22800313,3,2,1,3,1,3,0,0
22800314,5,5,3,0,2,3,0,0
22800315,3,5,2,1,2,2,0,0
22800316,2,1,2,1,2,1,0,0
22800318,5,5,6,0,3,2,0,0
22800319,5,4,4,1,4,1,0,0
22800323,5,2,3,2,2,3,0,0
22800326,4,5,4,1,3,2,0,0
22800327,3,5,3,1,3,1,0,0
22800328,3,5,3,0,2,2,0,0
22800330,5,5,3,1,3,2,0,0
22800331,5,5,4,2,3,2,0,0
23270102,4,3,6,1,4,1,0,0
23270103,3,3,3,2,2,2,0,0
23270104,5,5,4,0,2,3,0,0
23270105,5,5,3,2,2,3,0,0
23270107,4,2,4,0,4,1,0,0
23270110,4,2,4,1,3,2,0,0
23270112,4,5,6,0,3,2,0,0
23270113,3,4,1,3,0,4,0,0
23270114,5,2,0,14,0,5,0,0
23270115,5,3,6,0,4,1,0,0
23270116,2,5,1,12,0,3,0,0
23270117,2,4,2,2,1,2,0,0
23270119,5,5,3,1,3,2,0,0
23270120,5,5,4,0,2,3,0,0
23270122,5,4,5,0,4,1,0,0
23270123,5,4,4,0,3,2,0,0
23270124,5,4,3,0,3,2,0,0
23270125,4,3,1,5,0,5,0,0
23270126,4,2,0,14,0,5,0,0
23270301,5,3,5,0,4,1,0,0
23270302,5,5,6,1,4,1,0,0
23270303,2,5,2,1,1,2,0,0
23270305,3,2,4,0,3,1,0,0
23270306,5,1,4,1,3,2,0,0
23270307,5,4,2,0,2,3,0,0
23270308,4,2,5,1,4,1,0,0
23270309,3,1,2,1,1,3,0,0
23270310,4,1,5,0,4,1,0,0
23270312,3,1,2,2,2,2,0,0
23270313,4,2,3,6,3,2,0,0
23270314,4,4,5,1,4,1,0,0
23270315,3,5,5,3,3,1,0,0
23270316,3,3,5,3,3,1,0,0
23270317,3,1,0,10,0,4,0,0
23270319,5,3,3,4,3,2,0,0
23270320,5,5,5,2,5,0,0,0
23270321,4,3,2,10,2,3,0,0
23270322,2,5,2,1,2,1,0,0
23270323,5,1,6,1,5,0,0,0
23460101,4,4,2,1,2,3,0,0
23460103,5,5,1,7,1,4,0,0
23460104,2,3,5,1,2,1,0,0
23460106,3,5,2,1,1,3,0,0
23460108,5,5,5,0,3,2,0,0
23460111,3,5,1,0,1,3,0,0
23460112,5,5,2,4,2,3,0,0
23460113,4,3,1,0,0,5,0,0
23460114,5,2,2,4,2,3,0,0
23460115,3,5,4,7,3,1,0,0
23460116,4,5,2,1,1,4,0,0
23460119,5,5,3,3,2,3,0,0
23460120,5,5,2,2,2,3,0,0
24330204,5,5,3,0,2,3,0,0
24330205,5,5,3,2,2,3,0,0
24330209,4,2,0,1,0,5,0,0
24330210,5,5,3,0,3,2,0,0
24330211,5,0,3,2,3,2,0,0
24330217,5,3,3,0,2,3,0,0
24330218,5,5,3,0,2,3,0,0
24330219,5,3,2,2,0,5,0,0
24330220,5,3,3,0,2,3,0,0
24330223,2,2,0,3,0,3,0,0
24330225,2,5,0,0,0,3,0,0
24330227,1,5,2,1,1,1,0,0
24330228,5,4,1,3,1,4,0,0
24330301,5,2,1,1,1,4,0,0
24330302,5,1,1,2,1,4,0,0
24330304,5,3,4,1,3,2,0,0
24330312,2,2,1,1,1,2,0,0
24330314,5,1,1,0,1,4,0,0
24330316,0,5,0,8,0,1,1,0
24330317,4,2,2,1,0,5,0,0
24330318,4,3,3,0,2,3,0,0
24330319,4,3,2,0,1,4,0,0
24330320,3,4,0,2,0,4,0,0
24330323,5,1,1,0,1,4,0,0
24330325,5,5,3,1,3,2,0,0
24870102,3,2,2,2,2,2,0,0
24870103,4,4,3,0,3,2,0,0
24870108,4,2,4,11,3,2,0,0
24870110,4,5,2,4,2,3,0,0
24870111,5,5,4,0,3,2,0,0
24870113,5,4,4,0,4,1,0,0
24870114,5,5,6,0,3,2,0,0
24870117,5,5,7,0,5,0,0,0
24870118,5,5,5,3,4,1,0,0
24870119,3,5,0,12,0,4,0,0
24870120,2,5,2,6,2,1,0,0
24870121,5,2,2,0,2,3,0,0
24870122,5,4,3,0,3,2,0,0
24870124,1,4,2,7,1,1,0,0
24870125,5,2,3,0,3,2,0,0
24870126,5,5,3,3,2,3,0,0
24870127,1,3,2,6,1,1,0,0
24870128,4,4,4,0,4,1,0,0
24870129,5,4,4,0,3,2,0,0
24870501,4,5,6,1,3,2,0,0
24870502,5,1,4,4,3,2,0,0
24870504,5,5,3,1,3,2,0,0
24870505,5,5,3,1,3,2,0,0
24870506,5,5,5,4,4,1,0,0
24870507,4,3,4,3,3,2,0,0
24870508,4,4,0,5,0,5,0,0
24870509,5,3,5,1,4,1,0,0
24870511,5,5,4,1,3,2,0,0
24870512,5,0,5,0,4,1,0,1
24870514,5,4,8,0,4,1,0,0
24870515,5,5,4,2,4,1,0,0
24870516,4,0,5,1,3,2,0,0
24870517,3,4,2,7,2,2,0,0
24870518,1,2,1,1,1,1,0,0
24870519,4,3,0,8,0,5,0,0
24870521,5,3,5,3,5,0,0,0
24870522,5,4,5,1,5,0,0,0
24870524,1,4,1,1,0,2,0,0
24870526,4,3,2,3,1,4,0,0
24870527,4,5,2,6,2,3,0,0
24870528,3,3,3,0,3,1,0,0
25450101,2,4,1,1,1,2,0,0
25450102,0,1,0,6,0,1,1,0
25450103,5,4,7,0,5,0,0,0
25450104,4,4,5,0,3,2,0,0
25450105,4,2,2,3,2,3,0,0
25450106,5,5,5,0,4,1,0,0
25450107,2,1,1,1,1,2,0,0
25450108,5,5,8,0,5,0,0,0
25450109,2,4,0,12,0,3,0,0
25450110,5,2,5,0,5,0,0,0
25450111,4,3,3,1,3,2,0,0
25450112,3,0,4,4,3,1,0,0
25450113,3,4,3,6,3,1,0,0
25450114,3,5,2,1,0,4,0,0
25450115,2,3,2,6,1,2,0,0
25450116,5,5,6,0,4,1,0,0
25450117,5,5,5,1,3,2,0,0
25450118,0,0,0,11,0,1,1,0
25450119,3,0,3,4,3,1,0,0
25550201,5,0,4,0,3,2,0,1
25550202,4,3,4,2,2,3,0,0
25550203,4,1,5,3,4,1,0,0
25550204,5,5,4,0,4,1,0,0
25550205,5,4,2,6,2,3,0,0
25550208,5,4,5,1,3,2,0,0
25550210,4,1,5,0,2,3,0,0
25550212,3,5,1,1,1,3,0,0
25550214,5,4,3,0,1,4,0,0
25550216,2,5,1,2,1,2,0,0
25550217,5,2,1,13,0,5,0,0
25550218,5,0,4,1,3,2,0,0
25550219,4,2,5,5,2,3,0,0
25550220,2,1,2,1,1,2,0,0
25550221,4,1,5,3,2,3,0,0
25550223,4,1,0,1,0,5,0,0
25550224,5,5,1,0,1,4,0,0
25550226,5,3,3,0,2,3,0,0
25550402,5,5,2,0,2,3,0,0
25550403,5,3,2,1,2,3,0,0
25550405,4,5,4,0,2,3,0,0
25550408,5,0,5,3,4,1,0,0
25550409,5,1,3,0,2,3,0,0
25550410,5,5,9,0,5,0,0,0
25550411,5,5,6,0,4,1,0,0
25550415,4,1,2,6,2,3,0,0
25550417,3,2,0,6,0,4,0,0
25550418,5,4,3,0,2,3,0,0
25550419,5,2,2,2,2,3,0,0
25550421,4,1,3,2,3,2,0,0
25550422,4,4,2,7,2,3,0,0
25550423,4,1,5,0,4,1,0,0
25550425,5,1,3,0,3,2,0,0
25550426,5,5,2,1,1,4,0,0
25550428,2,1,4,0,2,1,0,0
25550429,4,5,5,0,3,2,0,0
25550430,5,3,3,1,3,2,0,0
25550432,3,5,4,1,2,2,0,0
25700101,1,4,1,4,1,1,0,0
25700102,1,5,1,0,1,1,0,0
25700103,2,5,2,5,2,1,0,0
25700104,2,1,2,0,2,1,0,0
25700105,1,1,2,4,1,1,0,0
25700108,1,4,2,2,1,1,0,0
25700110,3,4,0,2,0,4,0,0
25700111,3,2,1,0,0,4,0,0
25700114,2,3,1,2,1,2,0,0
25700117,2,5,2,5,2,1,0,0
25700121,5,5,1,0,1,4,0,0
25700122,5,3,2,2,2,3,0,0
25700201,5,4,4,1,3,2,0,0
25700202,4,5,3,2,2,3,0,0
25700204,5,3,1,2,1,4,0,0
25700205,3,4,0,2,0,4,0,0
25700206,2,4,0,5,0,3,0,0
25700208,3,4,2,5,1,3,0,0
25700211,3,5,2,2,2,2,0,0
25700212,5,3,5,0,4,1,0,0
25700217,3,1,3,0,2,2,0,0
25700220,5,4,3,4,2,3,0,0
25700221,1,2,1,0,1,1,0,0
26100101,5,5,3,1,2,3,0,0
26100102,3,1,2,0,1,3,0,0
26100103,2,3,0,6,0,3,0,0
26100105,5,1,1,2,0,5,0,0
26100107,5,2,4,0,4,1,0,0
26100108,5,2,4,0,2,3,0,0
26100109,4,0,5,0,4,1,0,1
26100111,2,1,2,2,1,2,0,0
26100112,5,1,6,2,4,1,0,0
26100115,5,1,5,0,4,1,0,0
26100116,5,1,0,0,0,5,0,0
26100117,5,4,6,0,3,2,0,0
26100118,4,2,1,4,0,5,0,0
26100123,5,1,5,0,3,2,0,0
26100124,5,2,2,0,2,3,0,0
26100126,3,2,5,0,3,1,0,0
26100127,5,3,2,0,1,4,0,0
26100201,2,2,1,8,1,2,0,0
26100202,3,0,0,2,0,4,0,0
26100203,5,3,6,0,4,1,0,0
26100205,5,5,4,0,2,3,0,0
26100207,5,5,2,0,1,4,0,0
26100208,5,3,0,8,0,5,0,0
26100211,5,5,7,0,4,1,0,0
26100212,3,4,3,0,3,1,0,0
26100215,4,4,4,1,4,1,0,0
26100216,3,4,5,0,2,2,0,0
26100217,5,2,3,0,2,3,0,0
26100218,5,4,3,0,3,2,0,0
26100219,3,5,0,3,0,4,0,0
26100221,3,1,2,3,1,3,0,0
26100223,5,5,4,0,2,3,0,0
26100225,3,3,1,5,1,3,0,0
26260101,4,1,1,0,1,4,0,0
26260103,5,1,0,4,0,5,0,0
26260105,4,3,3,0,3,2,0,0
26260106,5,3,2,2,1,4,0,0
26260110,4,0,3,1,3,2,0,0
26260112,1,2,0,3,0,2,0,0
26260114,5,2,4,0,0,5,0,0
26260116,5,1,1,0,0,5,0,0
26260117,5,2,3,1,3,2,0,0
26260118,4,3,4,1,3,2,0,0
26260120,4,3,0,0,0,5,0,0
26270202,5,5,3,12,1,4,0,0
26270203,5,4,2,1,1,4,0,0
26270204,5,4,5,5,2,3,0,0
26270205,5,4,3,0,1,4,0,0
26270207,4,3,3,2,2,3,0,0
26270210,2,1,0,2,0,3,0,0
26270211,5,4,1,0,1,4,0,0
26270212,3,3,2,2,2,2,0,0
26270213,3,5,3,2,0,4,0,0
26270214,5,4,2,0,2,3,0,0
26270215,5,5,7,1,4,1,0,0
26270216,5,3,5,1,2,3,0,0
26270217,5,4,3,0,2,3,0,0
26270218,5,4,4,1,3,2,0,0
26270219,4,3,6,0,3,2,0,0
26270222,5,5,2,6,1,4,0,0
26270223,5,2,2,2,2,3,0,0
26270224,4,2,3,3,3,2,0,0
26270225,4,5,3,4,2,3,0,0
26270226,3,2,3,1,0,4,0,0
26270401,3,5,2,0,0,4,0,0
26270403,2,5,2,1,2,1,0,0
26270404,2,1,0,9,0,3,0,0
26270405,5,5,1,0,0,5,0,0
26270406,5,2,0,9,0,5,0,0
26270407,3,3,1,5,1,3,0,0
26270409,5,5,1,2,1,4,0,0
26270410,4,4,5,0,3,2,0,0
26270413,5,2,3,2,2,3,0,0
26270414,5,2,7,0,2,3,0,0
26270418,3,5,6,1,1,3,0,0
26270419,5,5,3,1,2,3,0,0
26270421,3,3,3,4,2,2,0,0
26270422,5,5,5,0,2,3,0,0
26270423,4,5,2,6,2,3,0,0
26270424,5,5,3,3,3,2,0,0
26270425,5,5,3,1,2,3,0,0
26450101,1,3,1,1,1,1,0,0
26450102,1,5,2,5,1,1,0,0
26450104,2,5,2,4,2,1,0,0
26450106,1,5,1,5,1,1,0,0
26450108,1,4,1,2,1,1,0,0
26450109,3,1,3,3,3,1,0,0
26450112,3,2,3,3,3,1,0,0
26450113,3,5,2,6,2,2,0,0
26450117,1,5,1,0,1,1,0,0
26450118,1,1,1,5,1,1,0,0
26450121,2,3,2,5,2,1,0,0
26450201,4,1,1,1,1,4,0,0
26450204,3,5,2,3,2,2,0,0
26450205,3,2,1,1,1,3,0,0
26450207,4,2,2,0,1,4,0,0
26450208,2,2,2,3,2,1,0,0
26450211,3,5,2,8,2,2,0,0
26450216,5,5,2,0,1,4,0,0
26450217,3,5,1,0,1,3,0,0
26450218,2,5,2,3,2,1,0,0
26450221,5,5,2,0,2,3,0,0
26450223,5,0,3,1,3,2,0,0
26450224,2,0,2,7,2,1,0,0
28460101,5,5,8,1,3,2,0,0
28460102,5,5,0,7,0,5,0,0
28460103,4,5,1,5,1,4,0,0
28460104,5,5,3,1,3,2,0,0
28460105,5,4,1,1,0,5,0,0
28460106,5,0,4,1,2,3,0,0
28460109,2,2,3,0,1,2,0,0
28460110,2,2,2,0,1,2,0,0
28460111,5,2,6,1,3,2,0,0
28460114,5,3,0,11,0,5,0,0
28460118,2,2,4,0,2,1,0,0
28460122,3,4,2,2,1,3,0,0
28460125,4,1,5,0,2,3,0,0
28460126,4,1,2,1,2,3,0,0
28460128,5,3,2,4,1,4,0,0
28460304,3,1,3,2,2,2,0,0
28460305,3,3,2,4,2,2,0,0
28460306,2,4,5,0,1,2,0,0
28460307,5,5,3,6,2,3,0,0
28460311,4,4,0,3,0,5,0,0
28460318,5,2,0,4,0,5,0,0
28460319,4,2,1,0,1,4,0,0
28460323,2,4,1,0,1,2,0,0
28460325,2,3,1,0,1,2,0,0
28460326,2,5,3,0,0,3,0,0
28870201,2,3,1,5,1,2,0,0
28870202,4,3,2,5,1,4,0,0
28870204,5,5,3,1,2,3,0,0
28870207,2,5,1,0,0,3,0,0
28870208,4,3,2,1,1,4,0,0
28870209,3,5,3,2,3,1,0,0
28870210,4,4,1,5,1,4,0,0
28870211,2,2,1,2,1,2,0,0
28870212,3,1,2,1,2,2,0,0
28870215,4,3,3,2,1,4,0,0
28870217,3,1,2,0,2,2,0,0
28870218,2,5,1,6,1,2,0,0
28870219,2,5,2,1,2,1,0,0
28870220,5,5,3,4,3,2,0,0
28870221,3,3,2,1,2,2,0,0
28870224,1,5,1,2,1,1,0,0
28870401,5,5,0,1,0,5,0,0
28870404,5,5,4,0,3,2,0,0
28870405,1,5,0,10,0,2,0,0
28870408,5,1,2,2,2,3,0,0
28870409,5,5,4,4,3,2,0,0
28870410,4,5,2,0,2,3,0,0
28870412,5,5,2,4,2,3,0,0
28870415,3,5,2,8,2,2,0,0
28870417,5,4,1,6,1,4,0,0
28870418,5,5,1,6,1,4,0,0
28870420,4,4,2,0,1,4,0,0
28870422,5,3,2,0,1,4,0,0
28870423,2,4,1,2,0,3,0,0
28870424,5,4,6,0,4,1,0,0
28870427,3,5,0,0,0,4,0,0
28870430,5,5,4,3,2,3,0,0
29840202,5,5,2,4,2,3,0,0
29840203,4,4,5,0,4,1,0,0
29840204,5,5,1,7,1,4,0,0
29840205,4,5,1,0,1,4,0,0
29840206,5,4,5,0,4,1,0,0
29840210,5,2,5,0,4,1,0,0
29840212,3,1,1,9,1,3,0,0
29840213,3,1,3,2,1,3,0,0
29840215,5,4,5,0,4,1,0,0
29840216,5,2,3,0,1,4,0,0
29840218,3,1,2,6,1,3,0,0
29840220,4,3,4,1,4,1,0,0
29840501,2,2,0,2,0,3,0,0
29840503,2,5,0,10,0,3,0,0
29840504,3,0,1,1,1,3,0,0
29840505,2,3,1,2,1,2,0,0
29840508,5,5,5,0,2,3,0,0
29840509,3,4,1,7,1,3,0,0
29840510,4,3,6,0,3,2,0,0
29840513,5,3,5,0,3,2,0,0
29840519,4,4,3,1,1,4,0,0
29840520,2,2,3,0,2,1,0,0
29840521,5,3,0,4,0,5,0,0
29840522,5,0,3,0,2,3,0,1
29840523,5,5,4,1,3,2,0,0
29840526,1,1,0,5,0,2,0,0
29840527,4,3,3,1,3,2,0,0
29840528,3,3,2,0,2,2,0,0
30030301,5,0,3,2,3,2,0,0
30030303,3,0,3,0,2,2,0,1
30030304,4,4,3,2,2,3,0,0
30030305,1,5,2,2,1,1,0,0
30030306,5,4,4,2,4,1,0,0
30030308,5,0,3,2,3,2,0,0
30030309,5,0,3,2,1,4,0,0
30030311,2,2,3,3,2,1,0,0
30030312,5,3,6,0,4,1,0,0
30030313,5,5,3,4,2,3,0,0
30030315,5,2,5,0,3,2,0,0
30030316,5,4,4,1,3,2,0,0
31080102,0,3,1,0,0,1,0,0
31080103,2,1,5,5,2,1,0,0
31080104,2,2,7,4,2,1,0,0
31080105,4,4,5,2,3,2,0,0
31080107,5,5,5,1,3,2,0,0
31080108,4,2,5,0,2,3,0,0
31080110,5,4,1,1,0,5,0,0
31080111,5,4,4,2,1,4,0,0
31080112,4,4,1,3,1,4,0,0
31080113,5,5,4,1,2,3,0,0
31080114,5,1,0,0,0,5,0,0
31080116,5,2,2,4,1,4,0,0
31080117,5,1,4,2,3,2,0,0
31080201,2,1,1,2,0,3,0,0
31080203,3,5,3,2,3,1,0,0
31080204,0,3,1,2,0,1,0,0
31080207,4,4,1,5,1,4,0,0
31080208,4,3,4,1,1,4,0,0
31080210,4,5,2,4,2,3,0,0
31080211,2,4,2,2,2,1,0,0
31080212,0,0,0,8,0,1,1,0
31080213,4,4,2,2,1,4,0,0
31080217,2,5,2,2,2,1,0,0
31080219,4,5,3,3,1,4,0,0
31080220,4,5,3,3,3,2,0,0
31080221,4,5,2,2,2,3,0,0
31350101,5,5,5,1,2,3,0,0
31350103,5,5,2,3,1,4,0,0
31350104,4,1,2,2,2,3,0,0
31350106,1,4,0,12,0,2,0,0
31350108,1,3,1,7,1,1,0,0
31350109,2,4,1,2,1,2,0,0
31350110,5,3,5,1,2,3,0,0
31350111,3,3,3,1,2,2,0,0
31350112,4,4,4,1,2,3,0,0
31350113,5,1,2,1,2,3,0,0
31350114,4,2,3,1,3,2,0,0
31350117,0,4,2,1,0,1,0,0
31350118,3,2,3,3,2,2,0,0
31350120,5,5,2,0,0,5,0,0
31350203,5,2,1,3,1,4,0,0
31350204,5,1,5,1,5,0,0,0
31350205,5,5,7,0,5,0,0,0
31350207,5,5,5,1,4,1,0,0
31350208,5,1,6,1,5,0,0,0
31350209,5,2,4,0,1,4,0,0
31350210,5,1,2,1,2,3,0,0
31350211,5,4,3,3,3,2,0,0
31350212,2,5,2,1,2,1,0,0
31350213,3,2,6,1,3,1,0,0
31350214,5,1,1,0,1,4,0,0
31350215,5,4,1,6,0,5,0,0
31350218,5,1,5,2,4,1,0,0
31350219,5,2,2,1,1,4,0,0
31350220,2,1,2,4,2,1,0,0
31350222,5,5,5,7,5,0,0,0
32940202,5,5,5,0,3,2,0,0
32940203,5,5,4,1,3,2,0,0
32940205,4,2,1,6,0,5,0,0
32940207,5,5,3,0,3,2,0,0
32940208,4,5,3,1,2,3,0,0
32940209,2,5,1,1,1,2,0,0
32940213,3,1,2,1,2,2,0,0
32940214,3,1,1,6,1,3,0,0
32940216,5,4,2,0,2,3,0,0
32940217,5,4,2,1,2,3,0,0
32940218,4,4,4,1,2,3,0,0
32940219,5,5,7,0,4,1,0,0
32940222,5,3,2,3,1,4,0,0
32940223,3,5,1,7,1,3,0,0
32940225,5,5,3,1,3,2,0,0
32940226,5,0,1,3,1,4,0,0
32940229,5,4,1,6,1,4,0,0
32940301,3,0,2,1,1,3,0,0
32940302,5,5,4,2,2,3,0,0
32940303,2,2,2,0,1,2,0,0
32940305,4,1,5,0,1,4,0,0
32940306,4,5,0,7,0,5,0,0
32940307,4,5,0,2,0,5,0,0
32940308,4,4,2,0,0,5,0,0
32940310,4,3,1,2,1,4,0,0
32940311,5,4,1,0,1,4,0,0
32940312,4,3,1,2,1,4,0,0
32940315,2,0,2,1,1,2,0,0
32940318,4,2,1,5,1,4,0,0
33930301,4,5,1,10,1,4,0,0
33930304,4,2,3,2,2,3,0,0
33930305,3,1,3,3,1,3,0,0
33930306,5,1,5,4,4,1,0,0
33930307,5,4,2,6,2,3,0,0
33930310,5,4,4,1,4,1,0,0
33930312,4,4,3,2,3,2,0,0
33930313,4,4,5,0,3,2,0,0
33930314,4,4,6,1,4,1,0,0
33930318,5,5,3,0,3,2,0,0
33930319,3,1,4,1,3,1,0,0
33930322,5,1,2,1,2,3,0,0
33930324,1,1,5,0,1,1,0,0
33930326,4,2,5,2,3,2,0,0
33930602,5,5,5,0,3,2,0,0
33930603,2,3,2,1,2,1,0,0
33930604,3,2,6,0,2,2,0,0
33930605,4,3,3,0,2,3,0,0
33930606,2,4,1,11,1,2,0,0
33930607,4,2,2,6,2,3,0,0
33930608,5,3,4,0,2,3,0,0
33930609,4,4,2,5,2,3,0,0
33930613,4,4,2,8,2,3,0,0
33930614,5,1,7,0,4,1,0,0
33930615,5,2,4,0,2,3,0,0
33930616,5,1,7,0,4,1,0,0
33930619,5,2,2,1,1,4,0,0
33930622,5,4,3,0,2,3,0,0
33930623,5,3,3,1,3,2,0,0
33930624,2,0,1,2,1,2,0,0
33930625,5,5,1,6,0,5,0,0
33930627,2,2,2,0,2,1,0,0
33930628,5,1,3,1,2,3,0,0
33930629,5,5,1,1,1,4,0,0
35700101,3,3,1,1,1,3,0,0
35700102,5,2,6,0,4,1,0,0
35700103,4,2,3,0,1,4,0,0
35700104,3,3,5,0,3,1,0,0
35700105,5,5,4,3,3,2,0,0
35700106,2,3,3,2,1,2,0,0
35700107,5,5,5,0,4,1,0,0
35700108,5,4,2,10,2,3,0,0
35700111,5,5,4,6,3,2,0,0
35700113,1,1,0,4,0,2,0,0
35700116,5,4,4,1,3,2,0,0
35700117,3,4,1,0,1,3,0,0
35700119,1,1,1,5,0,2,0,0
35700120,3,5,4,0,2,2,0,0
35700121,3,1,3,0,2,2,0,0
35700122,5,0,1,2,1,4,0,0
35700123,5,4,5,1,4,1,0,0
35700124,3,3,4,0,3,1,0,0
35700201,5,1,6,0,4,1,0,0
35700202,4,1,3,0,3,2,0,0
35700203,5,1,2,13,2,3,0,0
35700204,5,1,5,5,3,2,0,0
35700205,5,3,7,0,5,0,0,0
35700206,5,5,3,1,2,3,0,0
35700207,4,4,6,0,3,2,0,0
35700208,5,5,8,0,5,0,0,0
35700209,5,3,4,1,4,1,0,0
35700210,4,2,3,3,3,2,0,0
35700211,4,4,2,2,2,3,0,0
35700213,5,2,6,1,4,1,0,0
35700214,0,2,0,15,0,1,1,0
35700215,5,3,7,1,5,0,0,0
35700216,4,1,2,1,2,3,0,0
35700217,5,1,4,0,3,2,0,0
35700218,4,2,1,1,1,4,0,0
35700220,5,5,4,1,4,1,0,0
35700221,5,2,6,0,5,0,0,0
35700223,5,5,8,0,4,1,0,0
35770105,5,3,1,3,1,4,0,0
35770107,2,5,0,8,0,3,0,0
35770108,3,5,2,0,0,4,0,0
35770111,4,5,1,0,0,5,0,0
35770112,1,4,0,0,0,2,0,0
35770113,2,5,3,0,2,1,0,0
35770114,3,5,0,4,0,4,0,0
35770116,5,5,4,2,3,2,0,0
35770118,5,4,4,2,2,3,0,0
35770120,4,4,2,7,1,4,0,0
35770121,5,4,2,5,1,4,0,0
35770126,1,4,3,0,1,1,0,0
35770127,3,3,5,0,3,1,0,0
35770128,5,3,0,2,0,5,0,0
35770502,5,3,5,0,4,1,0,0
35770503,3,5,2,3,2,2,0,0
35770505,3,0,2,0,0,4,0,1
35770508,5,5,1,0,0,5,0,0
35770509,3,3,1,0,0,4,0,0
35770511,5,5,3,4,3,2,0,0
35770512,5,5,8,2,5,0,0,0
35770513,5,3,2,3,1,4,0,0
35770515,4,5,2,6,2,3,0,0
35770516,5,5,2,0,2,3,0,0
35770520,5,5,3,3,3,2,0,0
35770521,4,4,7,1,4,1,0,0
35770527,5,1,5,1,5,0,0,0
35860101,5,1,6,1,3,2,0,0
35860102,3,3,1,4,0,4,0,0
35860103,5,1,1,8,1,4,0,0
35860104,5,3,4,4,3,2,0,0
35860106,5,5,3,3,2,3,0,0
35860111,5,4,0,11,0,5,0,0
35860112,5,2,1,5,0,5,0,0
35860114,4,5,4,3,3,2,0,0
35860117,5,5,3,0,3,2,0,0
35860119,5,1,5,0,1,4,0,0
35860120,4,5,4,0,3,2,0,0
35860121,3,3,3,0,2,2,0,0
35860122,5,5,2,2,1,4,0,0
35860123,5,4,1,0,1,4,0,0
35860124,2,5,2,0,2,1,0,0
35860126,5,5,6,0,3,2,0,0
35860127,5,4,7,1,2,3,0,0
35860301,2,3,3,2,2,1,0,0
35860302,5,3,1,5,0,5,0,0
35860303,4,3,4,2,3,2,0,0
35860305,4,2,3,1,3,2,0,0
35860306,4,4,4,3,3,2,0,0
35860307,3,4,5,2,3,1,0,0
35860308,4,5,2,0,2,3,0,0
35860309,3,3,1,11,0,4,0,0
35860312,2,2,2,6,1,2,0,0
35860314,5,3,3,0,2,3,0,0
35860316,5,2,4,2,3,2,0,0
35860317,5,4,3,0,3,2,0,0
35860319,5,2,3,8,2,3,0,0
35860320,5,1,5,0,4,1,0,0
35860321,5,3,3,0,0,5,0,0
35860323,5,1,4,1,3,2,0,0
35860324,0,4,3,1,0,1,0,0
35860326,5,3,3,1,3,2,0,0
35860327,2,5,2,0,2,1,0,0
36190201,5,5,6,1,5,0,0,0
36190205,0,0,0,8,0,1,1,0
36190206,3,1,0,4,0,4,0,0
36190208,5,5,7,0,4,1,0,0
36190209,4,1,2,0,2,3,0,0
36190210,5,2,3,0,3,2,0,0
36190211,5,5,5,1,5,0,0,0
36190212,5,0,6,1,5,0,0,0
36190213,5,5,2,0,2,3,0,0
36190216,2,2,0,10,0,3,0,0
36190218,5,3,4,1,4,1,0,0
36190219,5,3,3,0,2,3,0,0
36190220,4,5,3,0,2,3,0,0
36190223,4,3,2,0,1,4,0,0
36190224,5,5,6,1,5,0,0,0
36190228,5,5,2,1,2,3,0,0
36520206,5,4,3,1,3,2,0,0
36520207,5,3,4,1,2,3,0,0
36520209,5,3,1,6,0,5,0,0
36520210,5,4,4,1,2,3,0,0
36520213,2,3,2,0,2,1,0,0
36520214,3,2,4,0,3,1,0,0
36520216,5,5,2,5,1,4,0,0
36520218,4,4,1,4,1,4,0,0
36520219,2,2,2,4,2,1,0,0
36520221,3,2,2,5,1,3,0,0
36520223,2,5,1,1,1,2,0,0
36540103,2,3,6,3,1,2,0,0
36540104,4,5,2,1,2,3,0,0
36540105,4,2,1,8,1,4,0,0
36540108,4,5,3,1,2,3,0,0
36540109,4,5,2,3,2,3,0,0
36540110,5,0,6,1,3,2,0,0
36540111,5,4,3,4,3,2,0,0
36540112,5,5,7,0,2,3,0,0
36540114,3,2,3,2,3,1,0,0
36540115,4,1,3,0,2,3,0,0
36540118,5,2,3,1,2,3,0,0
36540119,2,2,1,1,1,2,0,0
36540120,5,5,2,3,2,3,0,0
36540122,5,5,4,1,4,1,0,0
36540123,5,5,4,2,4,1,0,0
36540124,4,5,3,0,2,3,0,0
36540125,3,3,2,1,2,2,0,0
36540201,3,1,1,2,1,3,0,0
36540202,5,5,2,0,1,4,0,0
36540203,5,0,3,1,2,3,0,0
36540204,5,4,2,0,2,3,0,0
36540211,5,5,1,3,1,4,0,0
36540212,5,2,4,0,3,2,0,0
36540213,3,4,2,2,2,2,0,0
36540215,3,0,2,4,2,2,0,0
36540216,3,5,2,3,2,2,0,0
36540218,5,5,2,2,2,3,0,0
37150103,5,0,1,5,1,4,0,0
37150104,5,5,4,2,3,2,0,0
37150105,5,5,5,5,5,0,0,0
37150108,5,4,3,2,2,3,0,0
37150109,5,5,4,3,3,2,0,0
37150111,5,5,4,4,4,1,0,0
37150112,5,1,4,4,4,1,0,0
37150113,5,1,5,2,3,2,0,0
37150114,4,0,4,3,4,1,0,0
37150115,5,5,4,1,2,3,0,0
37150116,5,5,4,1,2,3,0,0
37150117,3,4,3,4,3,1,0,0
37150201,5,1,4,1,4,1,0,0
37150202,4,1,2,1,2,3,0,0
37150203,5,3,4,0,3,2,0,0
37150204,5,0,5,3,4,1,0,0
37150205,5,1,5,0,4,1,0,0
37150206,3,2,5,0,2,2,0,0
37150209,4,0,4,3,4,1,0,0
37150210,3,3,2,2,1,3,0,0
37150211,3,2,3,2,2,2,0,0
37150213,3,1,2,1,2,2,0,0
37150215,5,0,5,0,4,1,0,1
37220301,5,4,7,0,4,1,0,0
37220302,5,5,8,6,3,2,0,0
37220303,5,4,5,0,3,2,0,0
37220305,5,2,2,5,2,3,0,0
37220306,4,3,3,1,3,2,0,0
37220308,3,4,4,0,2,2,0,0
37220309,4,3,1,4,1,4,0,0
37220310,3,5,4,1,3,1,0,0
37220312,4,4,2,0,1,4,0,0
37220313,4,0,4,3,3,2,0,0
37220314,5,5,4,0,2,3,0,0
37220315,5,1,5,7,3,2,0,0
37220316,3,1,3,9,0,4,0,0
37220317,2,2,3,8,1,2,0,0
37220318,5,1,3,7,3,2,0,0
37220319,5,5,4,0,2,3,0,0
37220320,5,5,5,2,2,3,0,0
37220321,5,1,3,0,1,4,0,0
37220322,5,5,5,2,2,3,0,0
37220324,5,1,6,0,4,1,0,0
37220325,5,5,4,2,3,2,0,0
38130101,5,5,2,3,1,4,0,0
38130107,5,5,1,0,1,4,0,0
38130108,3,5,1,1,0,4,0,0
38130111,1,1,2,1,1,1,0,0
38130112,2,1,3,2,1,2,0,0
38130114,0,4,1,5,0,1,0,0
38130115,3,1,2,2,2,2,0,0
38130116,5,4,0,3,0,5,0,0
38130120,3,5,2,0,1,3,0,0
38130121,5,0,1,1,1,4,0,0
38130122,1,3,0,8,0,2,0,0
38130201,5,0,1,2,1,4,0,0
38130203,0,2,1,5,0,1,0,0
38130204,4,4,2,1,2,3,0,0
38130206,3,4,2,0,2,2,0,0
38130209,2,2,1,4,1,2,0,0
38130210,4,1,3,0,2,3,0,0
38130211,3,1,1,0,1,3,0,0
38130212,5,2,2,0,2,3,0,0
38130213,3,2,4,0,2,2,0,0
38130215,1,1,2,4,1,1,0,0
38130216,2,4,4,0,2,1,0,0
38130219,2,3,3,1,2,1,0,0
38130220,5,3,2,0,2,3,0,0
38370103,2,2,2,0,1,2,0,0
38370104,5,5,3,1,3,2,0,0
38370109,3,4,1,0,0,4,0,0
38370112,5,2,3,1,2,3,0,0
38370114,4,4,2,0,1,4,0,0
38370116,5,3,1,0,1,4,0,0
38370118,1,5,0,0,0,2,0,0
38370126,4,5,2,2,2,3,0,0
38370127,0,5,0,4,0,1,1,0
38370128,5,4,0,1,0,5,0,0
38370201,5,3,2,3,2,3,0,0
38370202,5,5,3,1,3,2,0,0
38370207,4,1,4,0,3,2,0,0
38370208,5,5,3,2,2,3,0,0
38370210,5,5,4,5,2,3,0,0
38370213,1,2,0,6,0,2,0,0
38370214,5,5,3,3,2,3,0,0
38370216,4,4,2,5,2,3,0,0
38370217,4,4,2,0,1,4,0,0
38370218,3,4,2,1,0,4,0,0
38370223,5,5,6,2,3,2,0,0
38370224,5,4,0,2,0,5,0,0
38370226,5,5,1,6,0,5,0,0
38370227,5,5,4,0,3,2,0,0
38370228,5,5,0,11,0,5,0,0
38370229,4,4,3,0,3,2,0,0
39070202,3,1,1,7,1,3,0,0
39070203,3,5,4,2,3,1,0,0
39070204,5,3,4,3,3,2,0,0
39070205,4,2,2,0,2,3,0,0
39070209,5,5,5,0,4,1,0,0
39070210,5,2,5,0,3,2,0,0
39070211,3,4,1,4,1,3,0,0
39070212,5,3,4,1,4,1,0,0
39070213,5,3,6,0,5,0,0,0
39070215,4,3,4,0,3,2,0,0
39070217,2,3,2,0,1,2,0,0
39070218,5,5,2,1,2,3,0,0
39070219,4,5,3,1,2,3,0,0
39170102,5,4,3,3,2,3,0,0
39170103,5,5,3,7,1,4,0,0
39170104,5,5,7,6,5,0,0,0
39170105,5,3,3,4,2,3,0,0
39170106,4,3,3,5,2,3,0,0
39170107,2,4,3,2,2,1,0,0
39170108,1,4,3,2,0,2,0,0
39170109,5,5,4,6,3,2,0,0
39170110,5,5,6,6,5,0,0,0
39170111,5,3,5,2,4,1,0,0
39170112,5,5,6,0,4,1,0,0
39170113,1,4,1,6,1,1,0,0
39170114,4,5,1,2,1,4,0,0
39170115,5,5,6,0,3,2,0,0
39170117,5,5,2,2,0,5,0,0
39170118,5,5,1,4,1,4,0,0
39170205,5,5,2,0,1,4,0,0
39170207,5,5,2,2,2,3,0,0
39170211,1,5,1,2,0,2,0,0
39170212,5,5,4,0,2,3,0,0
39170213,5,2,4,3,1,4,0,0
39170214,3,5,0,3,0,4,0,0
39170215,3,1,2,1,2,2,0,0
39170216,5,3,3,1,2,3,0,0
39170217,1,5,4,0,1,1,0,0
39170218,5,0,1,3,1,4,0,0
39170219,4,3,3,0,2,3,0,0
39170220,3,2,5,0,2,2,0,0
39280101,5,5,3,2,3,2,0,0
39280102,5,2,4,5,4,1,0,0
39280103,3,3,3,3,3,1,0,0
39280104,5,3,3,4,3,2,0,0
39280105,2,0,2,6,2,1,0,0
39280106,2,5,2,4,2,1,0,0
39280107,5,5,6,0,4,1,0,0
39280108,4,4,4,2,3,2,0,0
39280109,5,5,3,3,3,2,0,0
39280110,5,2,4,0,3,2,0,0
39280112,3,0,4,10,3,1,0,0
39280113,3,3,2,0,2,2,0,0
39280114,5,0,5,0,5,0,0,1
39280115,5,1,4,2,4,1,0,0
39280117,4,5,4,0,3,2,0,0
39280118,5,4,6,0,5,0,0,0
39280119,4,1,4,1,4,1,0,0
39280120,5,1,3,2,3,2,0,0
39280121,5,2,4,1,4,1,0,0
39280122,5,3,7,2,5,0,0,0
39280128,5,2,4,2,4,1,0,0
39280129,3,5,5,1,2,2,0,0
39280130,5,5,6,1,5,0,0,0
39280401,5,4,5,1,4,1,0,0
39280402,3,1,4,1,3,1,0,0
39280403,4,5,3,3,2,3,0,0
39280404,5,0,5,0,4,1,0,1
39280408,4,2,6,1,0,5,0,0
39280409,5,2,6,2,0,5,0,0
39280410,2,3,4,0,1,2,0,0
39280411,5,2,6,0,4,1,0,0
39280412,3,4,3,2,3,1,0,0
39280413,3,0,1,1,1,3,0,0
39280415,4,4,3,8,3,2,0,0
39280416,4,0,0,1,0,5,0,0
39280417,3,3,6,0,3,1,0,0
39280418,3,3,3,0,2,2,0,0
39280419,5,0,2,3,2,3,0,0
39280421,5,2,4,0,3,2,0,0
39280422,5,5,4,4,3,2,0,0
39280423,0,1,0,0,0,1,1,0
39280424,5,2,4,0,3,2,0,0
39280425,4,0,5,1,2,3,0,0
39280427,3,0,3,12,3,1,0,0
39890303,4,5,2,8,2,3,0,0
39890304,5,5,3,1,3,2,0,0
39890305,3,4,5,4,2,2,0,0
39890306,5,4,4,0,4,1,0,0
39890307,5,1,6,0,5,0,0,0
39890309,4,3,1,12,0,5,0,0
39890310,2,5,5,2,2,1,0,0
39890311,5,4,7,1,3,2,0,0
39890312,5,4,3,2,3,2,0,0
39890313,4,4,2,4,2,3,0,0
39890314,5,5,4,6,4,1,0,0
39890316,5,4,9,1,3,2,0,0
39890317,5,3,6,0,4,1,0,0
39890319,5,5,5,0,3,2,0,0
39890320,5,3,3,0,2,3,0,0
39890321,5,5,3,4,3,2,0,0
39890322,3,5,2,6,2,2,0,0
39890324,4,5,3,1,3,2,0,0
39890326,5,5,0,17,0,5,0,0
39890327,5,2,4,1,4,1,0,0
39890501,2,5,1,10,1,2,0,0
39890502,5,5,3,2,3,2,0,0
39890503,3,5,3,0,3,1,0,0
39890505,4,4,3,1,1,4,0,0
39890507,0,3,0,6,0,1,1,0
39890511,5,5,3,2,2,3,0,0
39890514,5,5,4,1,3,2,0,0
39890516,2,3,3,1,2,1,0,0
39890518,5,5,3,0,1,4,0,0
39890519,5,4,2,2,2,3,0,0
39890520,5,4,2,6,2,3,0,0
39890521,1,0,3,2,1,1,0,0
39890523,3,4,3,1,3,1,0,0
39890524,3,3,3,1,3,1,0,0
39890527,2,5,1,9,1,2,0,0
40220101,5,0,1,2,0,5,0,0
40220102,5,0,2,3,2,3,0,0
40220104,3,2,4,0,2,2,0,0
40220105,4,3,4,0,3,2,0,0
40220106,5,1,5,0,3,2,0,0
40220107,5,3,2,0,1,4,0,0
40220109,4,3,3,2,3,2,0,0
40220112,5,0,4,0,3,2,0,1
40220115,3,1,2,1,2,2,0,0
40220118,3,3,3,2,1,3,0,0
40220119,5,3,4,1,4,1,0,0
40220201,5,3,2,2,2,3,0,0
40220202,5,4,4,0,2,3,0,0
40220203,3,2,2,2,2,2,0,0
40220204,4,4,2,2,2,3,0,0
40220206,5,5,6,1,4,1,0,0
40220207,5,5,3,2,2,3,0,0
40220209,2,1,3,0,2,1,0,0
40220212,5,5,5,2,3,2,0,0
40220213,5,5,1,3,0,5,0,0
40220216,4,4,1,3,1,4,0,0
40220219,3,3,2,3,2,2,0,0
40220220,5,3,1,5,1,4,0,0
40220221,4,4,2,1,1,4,0,0
40220222,5,2,2,0,2,3,0,0
40220223,5,4,8,0,4,1,0,0
40220224,5,5,1,6,0,5,0,0
41710103,4,4,4,0,2,3,0,0
41710105,3,1,3,3,2,2,0,0
41710106,4,3,4,3,3,2,0,0
41710107,5,3,4,1,3,2,0,0
41710108,3,1,4,3,3,1,0,0
41710111,5,5,1,2,0,5,0,0
41710116,1,1,0,3,0,2,0,0
41710120,3,5,3,1,1,3,0,0
41710121,5,2,0,2,0,5,0,0
41710122,3,3,0,9,0,4,0,0
41710123,3,5,1,1,0,4,0,0
41710201,5,5,1,2,1,4,0,0
41710203,5,3,1,1,0,5,0,0
41710205,3,4,1,4,0,4,0,0
41710206,5,5,0,6,0,5,0,0
41710208,3,5,1,9,1,3,0,0
41710209,4,2,1,6,1,4,0,0
41710211,5,0,9,1,3,2,0,0
41710212,5,5,7,2,4,1,0,0
41710214,5,5,4,0,1,4,0,0
41710217,5,4,1,3,1,4,0,0
41710219,5,5,4,3,3,2,0,0
41710220,4,4,0,0,0,5,0,0
41710221,5,0,4,1,1,4,0,0
42110504,3,1,3,0,1,3,0,0
42110507,4,5,0,0,0,5,0,0
42110509,5,5,0,2,0,5,0,0
42110512,5,4,1,3,0,5,0,0
42110513,5,5,3,1,2,3,0,0
42110514,5,4,2,4,1,4,0,0
42110516,5,5,2,0,1,4,0,0
42110517,5,4,2,0,1,4,0,0
42110518,2,5,3,0,2,1,0,0
42110520,5,2,1,3,1,4,0,0
42110521,1,2,2,2,1,1,0,0
42110524,3,4,4,0,1,3,0,0
42110525,1,1,3,0,1,1,0,0
42110526,1,1,0,2,0,2,0,0
43530203,4,3,2,3,1,4,0,0
43530204,4,1,0,9,0,5,0,0
43530205,3,4,2,1,1,3,0,0
43530211,5,1,6,0,5,0,0,0
43530212,5,1,4,0,3,2,0,0
43530213,5,5,6,0,4,1,0,0
43530214,4,5,6,0,4,1,0,0
43530215,5,4,4,2,4,1,0,0
43530217,5,2,4,3,4,1,0,0
43530218,4,1,2,1,2,3,0,0
45460101,5,5,2,2,1,4,0,0
45460102,5,3,3,2,2,3,0,0
45460103,2,3,1,0,1,2,0,0
45460106,3,3,1,10,1,3,0,0
45460107,4,3,5,1,2,3,0,0
45460108,2,3,1,1,1,2,0,0
45460111,5,2,4,3,4,1,0,0
45460113,5,4,6,3,4,1,0,0
45460114,5,2,3,3,3,2,0,0
45460115,4,2,1,1,0,5,0,0
45460117,3,3,6,0,2,2,0,0
45460118,3,5,2,1,2,2,0,0
45460121,4,5,4,0,2,3,0,0
45460122,2,3,1,3,1,2,0,0
45460123,2,2,1,5,0,3,0,0
45460124,0,0,1,0,0,1,0,1
45460126,4,5,4,0,2,3,0,0
45460129,2,3,1,12,1,2,0,0
45460201,4,4,2,2,2,3,0,0
45460202,5,0,4,0,3,2,0,1
45460203,4,4,5,7,4,1,0,0
45460204,2,3,1,2,0,3,0,0
45460205,2,2,0,7,0,3,0,0
45460206,5,1,2,1,1,4,0,0
45460207,4,4,3,5,3,2,0,0
45460208,5,5,4,0,3,2,0,0
45460209,5,5,5,0,5,0,0,0
45460211,5,5,2,1,2,3,0,0
45460212,2,3,4,9,2,1,0,0
45460213,3,1,1,6,1,3,0,0
45460214,1,0,2,2,1,1,0,0
45460219,5,1,9,0,3,2,0,0
45460220,4,3,7,0,3,2,0,0
45460221,5,3,5,1,4,1,0,0
45460222,5,5,2,4,2,3,0,0
45460224,5,5,5,0,4,1,0,0
45460225,5,3,4,1,3,2,0,0
45460226,5,3,5,1,3,2,0,0
45460228,5,5,3,1,3,2,0,0
45460229,5,2,4,6,4,1,0,0
45760101,5,5,5,6,5,0,0,0
45760102,5,5,4,4,4,1,0,0
45760104,5,5,4,5,4,1,0,0
45760105,4,5,5,3,1,4,0,0
45760106,5,3,4,7,4,1,0,0
45760107,5,5,3,2,2,3,0,0
45760108,2,2,3,2,2,1,0,0
45760109,2,5,2,4,2,1,0,0
45760110,4,5,2,4,2,3,0,0
45760111,5,5,0,7,0,5,0,0
45760114,3,5,3,0,3,1,0,0
45760115,5,3,5,7,5,0,0,0
45760116,3,5,3,6,2,2,0,0
45760118,5,5,6,1,3,2,0,0
45760119,2,4,2,5,2,1,0,0
45760120,4,5,2,4,2,3,0,0
45760121,5,1,4,3,2,3,0,0
45760123,3,5,2,1,1,3,0,0
45760204,2,5,3,0,2,1,0,0
45760205,5,5,1,0,1,4,0,0
45760206,2,5,3,1,2,1,0,0
45760207,5,3,2,0,2,3,0,0
45760209,5,5,6,2,3,2,0,0
45760210,5,4,4,0,4,1,0,0
45760212,3,3,2,1,1,3,0,0
45760213,5,0,2,2,2,3,0,0
45760215,5,5,1,5,1,4,0,0
45760219,5,5,6,0,4,1,0,0
45760221,5,3,4,0,4,1,0,0
45760222,2,4,3,0,2,1,0,0
45760224,4,1,2,1,2,3,0,0
45760225,3,4,2,1,2,2,0,0
45830201,3,5,3,3,3,1,0,0
45830204,5,1,4,1,2,3,0,0
45830205,2,3,2,1,1,2,0,0
45830206,5,1,2,3,2,3,0,0
45830209,4,5,4,3,3,2,0,0
45830211,3,3,3,3,1,3,0,0
45830214,5,1,5,2,4,1,0,0
45830215,4,0,2,3,1,4,0,0
45830216,5,5,2,3,1,4,0,0
45830217,5,1,1,3,1,4,0,0
45830218,4,2,6,0,3,2,0,0
45830301,5,1,0,1,0,5,0,0
45830305,5,5,2,1,2,3,0,0
45830307,3,2,2,0,1,3,0,0
45830308,4,3,4,2,3,2,0,0
45830310,4,4,6,0,4,1,0,0
45830311,5,3,4,1,3,2,0,0
45830312,5,3,7,2,5,0,0,0
45830313,5,5,2,7,2,3,0,0
45830315,4,5,1,1,1,4,0,0
45830317,4,5,3,2,2,3,0,0
45830318,5,4,5,1,3,2,0,0
45830319,5,3,4,0,3,2,0,0
45830320,2,2,2,7,1,2,0,0
45830321,5,5,5,3,3,2,0,0
45830322,5,3,5,1,3,2,0,0
45840102,5,2,4,0,3,2,0,0
45840103,4,3,3,1,2,3,0,0
45840104,3,3,3,5,1,3,0,0
45840105,3,0,0,12,0,4,0,0
45840106,5,2,3,0,3,2,0,0
45840107,4,2,2,2,1,4,0,0
45840108,4,3,3,1,2,3,0,0
45840109,5,1,2,0,1,4,0,0
45840110,4,2,1,7,1,4,0,0
45840111,5,5,4,0,3,2,0,0
45840113,5,3,4,0,2,3,0,0
45840114,2,5,3,0,1,2,0,0
45840118,5,2,2,0,2,3,0,0
45860301,3,3,0,2,0,4,0,0
45860302,5,4,5,0,4,1,0,0
45860305,1,0,1,0,1,1,0,1
45860306,3,3,1,1,1,3,0,0
45860307,4,0,6,1,3,2,0,0
45860309,3,4,0,6,0,4,0,0
45860310,5,1,6,0,4,1,0,0
45860311,5,1,2,2,2,3,0,0
45860312,5,3,4,3,3,2,0,0
45860313,4,5,5,1,3,2,0,0
45860314,4,5,1,2,1,4,0,0
45860319,3,5,1,3,1,3,0,0
45860321,4,0,0,6,0,5,0,0
45860322,4,4,3,3,2,3,0,0
45860323,4,5,3,3,2,3,0,0
45860324,2,1,2,3,1,2,0,0
45860325,3,2,2,4,2,2,0,0
47350101,5,2,2,5,2,3,0,0
47350102,5,2,3,5,3,2,0,0
47350103,5,1,6,4,4,1,0,0
47350105,5,5,5,0,3,2,0,0
47350107,5,4,4,2,4,1,0,0
47350108,5,5,7,2,4,1,0,0
47350109,5,5,8,4,5,0,0,0
47350110,5,1,3,6,2,3,0,0
47350112,5,3,5,1,3,2,0,0
47350114,4,0,5,2,4,1,0,0
47350115,5,5,4,3,3,2,0,0
47350118,4,5,3,1,3,2,0,0
47350119,3,3,4,1,1,3,0,0
47350120,5,4,3,1,3,2,0,0
47350122,3,4,4,0,2,2,0,0
47350123,5,5,4,5,4,1,0,0
47350124,3,5,4,4,3,1,0,0
47350125,5,5,3,1,3,2,0,0
47350128,5,5,4,0,2,3,0,0
47580301,5,5,4,2,2,3,0,0
47580302,5,3,7,4,4,1,0,0
47580303,5,3,5,1,3,2,0,0
47580304,5,5,2,2,1,4,0,0
47580305,5,3,2,1,1,4,0,0
47580306,5,3,4,2,3,2,0,0
47580310,5,5,3,0,3,2,0,0
47580311,3,5,1,8,0,4,0,0
47580313,3,5,1,9,1,3,0,0
47580314,4,5,4,0,2,3,0,0
47580316,5,4,6,2,4,1,0,0
47580317,5,3,3,2,1,4,0,0
47580319,4,4,7,2,4,1,0,0
47580320,5,3,0,9,0,5,0,0
47580321,3,5,2,0,1,3,0,0
47580322,5,4,1,1,1,4,0,0
47580323,5,5,2,3,2,3,0,0
47580324,5,1,4,0,4,1,0,0
47580325,1,4,1,15,1,1,0,0
47580603,5,0,3,0,3,2,0,1
47580605,0,5,0,10,0,1,1,0
47580609,5,3,2,0,1,4,0,0
47580610,4,5,1,3,1,4,0,0
47580611,5,1,7,0,4,1,0,0
47580613,3,5,1,2,1,3,0,0
47580614,3,4,1,2,0,4,0,0
47580615,5,5,5,2,4,1,0,0
47580616,3,2,3,0,2,2,0,0
47580619,5,5,1,8,1,4,0,0
47580620,2,5,2,0,1,2,0,0
47580621,5,5,6,0,5,0,0,0
47580622,3,4,1,8,1,3,0,0
47580624,3,5,1,1,1,3,0,0
47580625,5,0,2,0,1,4,0,1
47580626,5,2,3,4,2,3,0,0
47580627,4,2,6,0,4,1,0,0
47650102,5,5,6,2,2,3,0,0
47650103,4,5,1,6,1,4,0,0
47650106,5,3,7,0,4,1,0,0
47650108,5,0,1,4,1,4,0,0
47650109,2,5,2,4,1,2,0,0
47650110,5,0,5,0,5,0,0,1
47650111,4,5,1,3,1,4,0,0
47650113,5,3,5,1,4,1,0,0
47650114,5,3,6,4,5,0,0,0
47650115,4,5,2,3,2,3,0,0
47650118,3,4,1,2,1,3,0,0
47650119,3,3,3,4,2,2,0,0
47650120,5,2,4,0,4,1,0,0
47650121,2,4,1,3,1,2,0,0
47650122,1,5,0,5,0,2,0,0
47650123,5,0,5,0,5,0,0,1
47650124,4,4,3,1,3,2,0,0
47650125,4,4,3,4,2,3,0,0
47650126,5,0,2,3,2,3,0,0
47650302,4,5,6,0,2,3,0,0
47650303,4,1,7,4,4,1,0,0
47650305,5,1,5,2,4,1,0,0
47650307,5,2,2,3,2,3,0,0
47650308,5,3,3,4,2,3,0,0
47650310,4,5,3,0,1,4,0,0
47650313,5,5,3,5,2,3,0,0
47650314,5,3,2,9,2,3,0,0
47650316,5,5,6,2,5,0,0,0
47650317,4,2,10,1,4,1,0,0
47650318,4,5,1,9,1,4,0,0
47650319,5,5,3,1,3,2,0,0
47650320,5,5,4,4,4,1,0,0
47650321,5,5,2,0,2,3,0,0
47650322,5,5,2,0,2,3,0,0
47650323,5,3,4,0,3,2,0,0
47650324,5,5,3,8,1,4,0,0
47650325,5,5,7,0,4,1,0,0
47650326,0,3,0,2,0,1,1,0
47650328,2,5,0,11,0,3,0,0
47750101,5,5,2,3,1,4,0,0
47750102,5,4,2,1,2,3,0,0
47750103,4,4,1,10,1,4,0,0
47750105,5,5,8,0,3,2,0,0
47750107,4,4,1,4,1,4,0,0
47750109,0,1,1,3,0,1,0,0
47750115,4,3,0,5,0,5,0,0
47750116,5,2,3,1,3,2,0,0
47750118,5,5,4,0,1,4,0,0
47750122,4,5,4,5,3,2,0,0
47750123,4,2,2,0,2,3,0,0
47750124,1,3,3,0,1,1,0,0
47750125,4,2,4,0,2,3,0,0
47750126,4,0,5,0,3,2,0,1
47750128,1,0,2,3,1,1,0,0
47750401,5,5,4,0,4,1,0,0
47750402,2,5,2,5,2,1,0,0
47750403,3,5,2,5,1,3,0,0
47750405,5,5,2,3,1,4,0,0
47750406,2,1,4,1,2,1,0,0
47750407,4,4,2,1,2,3,0,0
47750410,5,2,3,0,2,3,0,0
47750411,5,0,5,1,4,1,0,0
47750413,5,2,7,1,5,0,0,0
47750416,4,1,4,5,3,2,0,0
47750417,5,5,3,2,2,3,0,0
47750418,5,3,3,1,3,2,0,0
47750419,2,2,2,6,2,1,0,0
47750420,5,5,5,1,4,1,0,0
47750421,4,3,3,5,3,2,0,0
47750422,5,1,5,3,4,1,0,0
47750423,5,4,5,0,4,1,0,0
47750425,3,4,2,5,2,2,0,0
48790101,4,1,2,2,2,3,0,0
48790104,5,3,1,2,1,4,0,0
48790106,5,1,4,0,2,3,0,0
48790108,3,4,2,1,2,2,0,0
48790111,3,4,2,3,1,3,0,0
48790113,5,5,1,0,0,5,0,0
48790114,5,5,2,3,2,3,0,0
48790115,5,2,3,2,2,3,0,0
48790119,5,4,2,1,1,4,0,0
48790121,5,5,1,1,1,4,0,0
48790123,3,1,3,2,2,2,0,0
49670101,5,0,4,0,3,2,0,1
49670102,0,0,0,2,0,1,1,0
49670103,5,0,3,5,3,2,0,0
49670104,5,1,1,4,1,4,0,0
49670106,1,1,1,2,1,1,0,0
49670107,4,1,2,8,2,3,0,0
49670108,5,3,6,2,4,1,0,0
49670109,2,3,7,1,2,1,0,0
49670111,4,3,4,0,3,2,0,0
49670112,3,5,2,3,2,2,0,0
49670113,3,3,3,0,3,1,0,0
49670114,2,5,5,1,2,1,0,0
49670115,4,4,3,0,2,3,0,0
49670116,4,2,4,0,3,2,0,0
49670117,3,3,4,3,3,1,0,0
49670118,3,0,4,1,3,1,0,0
49670120,2,5,2,0,2,1,0,0
49670121,4,2,1,9,1,4,0,0
49670122,3,1,4,1,3,1,0,0
49670123,5,0,2,2,2,3,0,0
49670124,5,5,5,1,3,2,0,0
49840101,5,5,3,0,3,2,0,0
49840103,5,5,7,0,5,0,0,0
49840104,5,5,6,2,4,1,0,0
49840105,4,4,5,1,4,1,0,0
49840107,5,1,7,2,5,0,0,0
49840108,5,0,3,1,3,2,0,0
49840111,5,5,0,11,0,5,0,0
49840114,5,5,2,1,1,4,0,0
49840116,5,5,2,1,2,3,0,0
49840118,5,5,5,3,5,0,0,0
49840119,3,3,4,4,2,2,0,0
49840120,3,4,5,2,3,1,0,0
49840121,5,3,6,0,5,0,0,0
49840122,5,5,4,7,3,2,0,0
49840401,5,0,4,1,3,2,0,0
49840404,5,3,4,0,4,1,0,0
49840405,3,1,3,4,2,2,0,0
49840406,3,4,1,5,1,3,0,0
49840407,5,5,5,2,5,0,0,0
49840409,3,5,3,2,3,1,0,0
49840410,3,4,3,1,3,1,0,0
49840412,2,3,2,3,2,1,0,0
49840413,4,5,3,3,3,2,0,0
49840417,5,0,4,3,3,2,0,0
49840418,5,2,3,3,3,2,0,0
49840420,5,0,4,3,3,2,0,0
49840422,5,2,5,1,5,0,0,0
49840424,3,4,3,0,3,1,0,0
49840426,1,1,3,1,1,1,0,0
49940101,5,3,3,2,3,2,0,0
49940102,5,3,4,1,3,2,0,0
49940103,5,4,4,0,3,2,0,0
49940107,2,5,3,7,2,1,0,0
49940109,4,3,2,5,2,3,0,0
49940111,4,4,3,2,3,2,0,0
49940112,2,3,3,0,0,3,0,0
49940113,3,3,5,4,3,1,0,0
49940114,5,4,3,1,3,2,0,0
49940115,5,4,1,1,0,5,0,0
49940117,3,0,3,8,3,1,0,0
49940118,4,0,5,0,3,2,0,1
49940119,3,1,3,3,3,1,0,0
49940120,3,0,2,3,1,3,0,0
49940121,3,1,0,1,0,4,0,0
49940122,0,1,4,0,0,1,0,0
49940204,1,5,3,3,1,1,0,0
49940206,4,1,4,2,3,2,0,0
49940207,4,3,4,1,3,2,0,0
49940208,2,1,3,2,2,1,0,0
49940209,2,3,3,2,2,1,0,0
49940210,2,1,1,0,1,2,0,0
49940212,5,3,4,2,4,1,0,0
49940213,3,4,3,2,3,1,0,0
49940214,3,2,1,3,1,3,0,0
49940216,1,1,1,6,1,1,0,0
49940217,2,2,2,2,2,1,0,0
49940218,3,5,1,3,1,3,0,0
50280101,1,3,0,2,0,2,0,0
50280103,5,1,2,0,2,3,0,0
50280105,4,3,0,2,0,5,0,0
50280106,5,1,2,0,1,4,0,0
50280109,3,5,1,0,0,4,0,0
50280110,5,3,3,1,3,2,0,0
50280111,5,3,3,1,2,3,0,0
50280114,3,5,3,0,1,3,0,0
50280115,3,1,3,3,1,3,0,0
50280117,3,2,0,7,0,4,0,0
50440101,4,3,2,2,1,4,0,0
50440102,5,3,9,1,5,0,0,0
50440105,4,3,6,1,2,3,0,0
50440107,4,4,7,0,3,2,0,0
50440109,4,3,1,5,1,4,0,0
50440110,4,5,1,7,1,4,0,0
50440111,2,3,4,0,2,1,0,0
50440113,2,2,2,3,2,1,0,0
50440114,4,4,1,1,1,4,0,0
50440115,3,3,2,1,1,3,0,0
50440116,5,4,4,2,4,1,0,0
50440118,1,1,1,3,1,1,0,0
50440120,3,5,3,2,2,2,0,0
50440121,3,0,3,4,3,1,0,0
50440122,5,0,6,1,3,2,0,0
50440123,5,3,2,4,0,5,0,0
50440124,4,1,4,0,3,2,0,0
50440125,2,5,2,5,1,2,0,0
50440126,5,5,5,2,3,2,0,0
50440127,2,3,1,5,1,2,0,0
50440128,4,5,1,6,0,5,0,0
50440301,3,1,5,1,3,1,0,0
50440302,3,5,5,1,3,1,0,0
50440303,4,3,3,1,2,3,0,0
50440304,5,4,3,3,3,2,0,0
50440305,5,5,3,0,3,2,0,0
50440306,4,0,3,1,2,3,0,0
50440308,5,2,3,0,2,3,0,0
50440309,3,4,0,10,0,4,0,0
50440310,3,5,2,7,2,2,0,0
50440311,4,1,3,1,3,2,0,0
50440312,5,5,2,1,1,4,0,0
50440315,4,2,5,0,4,1,0,0
50440317,5,5,1,0,1,4,0,0
50440320,5,5,3,0,2,3,0,0
50440321,3,2,0,4,0,4,0,0
50440322,3,4,5,1,3,1,0,0
50440326,3,4,2,6,1,3,0,0
50440327,5,1,4,1,3,2,0,0
50570107,4,3,1,1,1,4,0,0
50570114,2,1,2,2,1,2,0,0
50570115,5,4,0,1,0,5,0,0
50570116,5,4,1,0,1,4,0,0
50570120,5,5,1,0,1,4,0,0
50570122,4,5,3,0,1,4,0,0
50570124,3,5,1,3,1,3,0,0
50570126,5,3,2,0,0,5,0,0
50570127,1,4,0,4,0,2,0,0
50570128,5,5,4,0,2,3,0,0
50570130,3,3,2,1,1,3,0,0
50570131,1,1,2,0,1,1,0,0
51300201,3,4,1,9,0,4,0,0
51300204,5,4,2,2,1,4,0,0
51300206,5,4,2,3,2,3,0,0
51300207,3,2,5,0,2,2,0,0
51300208,5,2,4,1,1,4,0,0
51300210,5,2,6,1,4,1,0,0
51300211,5,5,4,0,3,2,0,0
51300214,5,3,5,4,4,1,0,0
51300215,2,3,2,0,0,3,0,0
51300216,4,4,0,1,0,5,0,0
51300217,5,3,1,2,0,5,0,0
51300218,4,2,3,0,2,3,0,0
51300219,5,4,3,9,3,2,0,0
51300220,5,5,1,1,0,5,0,0
51300224,5,4,4,0,2,3,0,0
51300225,3,5,1,0,1,3,0,0
51300226,5,0,1,4,1,4,0,0
51300227,4,4,4,0,2,3,0,0
51300228,4,1,5,3,3,2,0,0
51300229,5,0,3,6,3,2,0,0
51300301,5,5,3,0,2,3,0,0
51300302,5,5,6,8,4,1,0,0
51300303,4,5,1,6,1,4,0,0
51300304,4,1,6,1,4,1,0,0
51300305,5,2,5,1,2,3,0,0
51300306,5,5,3,4,3,2,0,0
51300308,3,5,2,2,2,2,0,0
51300309,3,3,2,3,2,2,0,0
51300310,4,3,5,1,3,2,0,0
51300312,5,5,5,3,4,1,0,0
51300314,5,5,2,0,2,3,0,0
51300315,5,3,8,4,5,0,0,0
51300316,5,5,8,0,4,1,0,0
51300317,5,5,4,1,3,2,0,0
51300318,5,4,5,0,4,1,0,0
51300319,4,3,3,3,2,3,0,0
51300320,4,3,2,0,1,4,0,0
51300321,5,3,1,9,1,4,0,0
51300322,4,4,5,0,3,2,0,0
51300323,4,4,4,1,3,2,0,0
51300324,4,2,3,0,2,3,0,0
51300325,4,2,9,0,4,1,0,0
51300326,3,5,2,3,2,2,0,0
51300327,5,5,2,2,2,3,0,0
51300328,3,5,3,10,2,2,0,0
51300329,3,5,3,14,3,1,0,0
51670102,0,0,7,1,0,1,0,0
51670103,4,0,3,1,3,2,0,0
51670104,3,5,0,8,0,4,0,0
51670105,5,1,1,4,1,4,0,0
51670106,5,5,1,2,1,4,0,0
51670109,4,4,2,4,2,3,0,0
51670110,5,4,4,1,3,2,0,0
51670111,5,2,4,2,2,3,0,0
51670112,5,3,3,1,2,3,0,0
51670114,5,5,4,0,3,2,0,0
51670116,5,5,2,0,1,4,0,0
51670117,2,4,4,0,2,1,0,0
51670121,4,1,3,2,3,2,0,0
51670123,3,3,2,3,1,3,0,0
51670124,5,0,2,3,1,4,0,0
51670125,4,5,4,1,3,2,0,0
51670203,1,1,1,3,1,1,0,0
51670204,2,4,2,3,2,1,0,0
51670205,4,3,2,0,2,3,0,0
51670210,5,5,1,4,1,4,0,0
51670212,2,3,4,0,2,1,0,0
51670215,3,4,3,1,2,2,0,0
51670216,5,4,4,1,4,1,0,0
51670217,2,1,1,3,1,2,0,0
51670219,3,5,3,1,2,2,0,0
51670221,4,4,2,1,2,3,0,0
51670225,3,4,1,0,1,3,0,0
52030201,5,4,4,1,4,1,0,0
52030202,1,5,1,13,1,1,0,0
52030206,5,2,7,1,4,1,0,0
52030207,5,3,8,0,4,1,0,0
52030208,2,2,0,9,0,3,0,0
52030209,4,5,1,5,1,4,0,0
52030210,5,5,2,0,1,4,0,0
52030211,5,5,1,0,1,4,0,0
52030212,4,3,2,5,2,3,0,0
52030213,2,5,2,4,2,1,0,0
52030214,3,5,2,4,2,2,0,0
52030215,4,1,3,1,3,2,0,0
52030217,5,4,7,0,4,1,0,0
52030218,3,4,0,3,0,4,0,0
52030219,5,5,3,0,2,3,0,0
52030223,2,3,1,2,1,2,0,0
52030225,5,4,3,0,0,5,0,0
52030402,4,1,5,1,4,1,0,0
52030403,5,5,3,2,3,2,0,0
52030406,4,5,4,2,4,1,0,0
52030407,4,3,1,6,1,4,0,0
52030408,4,4,2,0,1,4,0,0
52030409,2,3,1,0,1,2,0,0
52030410,4,4,3,3,2,3,0,0
52030413,5,5,3,11,3,2,0,0
52030414,3,1,5,1,2,2,0,0
52030416,5,4,3,8,3,2,0,0
52030417,3,5,4,4,2,2,0,0
52030418,5,3,2,0,2,3,0,0
52030419,2,4,0,8,0,3,0,0
52030420,5,5,5,2,3,2,0,0
52030421,4,2,4,0,2,3,0,0
52030422,4,0,3,0,3,2,0,1
52180104,1,1,1,0,1,1,0,0
52180105,0,2,1,0,0,1,0,0
52180106,1,4,2,0,1,1,0,0
52180108,3,5,3,1,2,2,0,0
52180110,4,5,1,0,1,4,0,0
52180112,1,1,0,0,0,2,0,0
52180113,0,4,0,5,0,1,1,0
52180114,2,4,2,3,2,1,0,0
52180118,0,1,0,0,0,1,1,0
52180123,0,4,2,1,0,1,0,0
52180124,4,2,1,0,1,4,0,0
52180125,2,4,3,0,1,2,0,0
52180126,5,0,1,0,1,4,0,1
52180127,2,1,0,2,0,3,0,0
52180129,4,4,2,2,1,4,0,0
52180130,3,3,2,9,1,3,0,0
52180201,5,2,0,5,0,5,0,0
52180203,5,5,6,2,2,3,0,0
52180205,5,5,2,0,1,4,0,0
52180207,5,4,2,0,1,4,0,0
52180209,2,5,0,12,0,3,0,0
52180210,5,4,1,0,0,5,0,0
52180215,3,5,4,0,1,3,0,0
52180216,3,3,1,3,1,3,0,0
52180218,5,4,7,1,3,2,0,0
52180219,2,1,2,7,1,2,0,0
52180220,4,0,7,0,2,3,0,1
52180223,4,2,2,2,2,3,0,0
52180224,5,2,2,0,2,3,0,0
52180225,5,4,0,0,0,5,0,0
52180227,5,3,5,5,3,2,0,0
52180228,5,5,4,0,3,2,0,0
52180230,3,3,3,0,2,2,0,0
52280202,5,4,5,0,2,3,0,0
52280205,2,4,1,1,0,3,0,0
52280206,5,5,3,5,1,4,0,0
52280209,3,3,0,0,0,4,0,0
52280213,5,4,5,0,3,2,0,0
52280214,5,3,0,1,0,5,0,0
52280217,5,1,0,2,0,5,0,0
52280218,5,3,4,0,1,4,0,0
52280220,0,4,0,0,0,1,1,0
52280222,5,2,1,0,1,4,0,0
52280223,5,3,3,1,2,3,0,0
52280402,5,4,2,6,2,3,0,0
52280404,5,4,3,0,2,3,0,0
52280405,4,4,1,0,1,4,0,0
52280406,5,3,5,1,4,1,0,0
52280407,4,2,6,2,3,2,0,0
52280408,2,0,1,8,1,2,0,0
52280409,5,4,7,0,3,2,0,0
52280410,3,5,2,7,2,2,0,0
52280411,5,5,4,4,2,3,0,0
52280412,5,3,3,1,3,2,0,0
52280413,3,2,2,2,2,2,0,0
52280414,5,5,4,0,3,2,0,0
52280415,5,5,4,0,3,2,0,0
52280416,4,5,5,0,3,2,0,0
52280417,3,4,6,0,2,2,0,0
52280420,5,0,2,11,1,4,0,0
52280421,5,0,6,1,4,1,0,0
52280423,5,1,0,8,0,5,0,0
52280424,5,3,3,1,3,2,0,0
53920301,4,1,6,2,4,1,0,0
53920304,2,2,2,5,0,3,0,0
53920305,5,4,3,3,3,2,0,0
53920306,4,5,2,1,1,4,0,0
53920307,2,4,2,7,2,1,0,0
53920308,5,2,1,0,1,4,0,0
53920309,4,4,6,0,4,1,0,0
53920310,5,4,6,3,4,1,0,0
53920311,2,5,3,0,1,2,0,0
53920312,1,5,2,0,1,1,0,0
53920315,5,2,1,2,0,5,0,0
53920316,3,3,2,1,2,2,0,0
53920317,4,5,3,0,2,3,0,0
53920318,4,4,6,0,4,1,0,0
53920319,2,5,2,1,1,2,0,0
53920320,3,4,3,2,2,2,0,0
53920322,4,5,5,6,4,1,0,0
53920323,4,5,0,14,0,5,0,0
53920324,5,5,3,2,2,3,0,0
53920602,5,2,2,0,2,3,0,0
53920603,3,5,2,1,1,3,0,0
53920604,3,4,3,1,3,1,0,0
53920605,2,3,4,1,2,1,0,0
53920606,3,0,3,1,3,1,0,0
53920610,2,1,3,0,2,1,0,0
53920611,3,1,3,7,3,1,0,0
53920612,3,3,1,1,1,3,0,0
53920613,4,4,2,1,2,3,0,0
53920614,3,5,1,11,1,3,0,0
53920615,3,4,3,2,2,2,0,0
53920617,5,4,5,3,3,2,0,0
53920618,3,5,3,3,2,2,0,0
53920620,3,4,1,1,0,4,0,0
53920621,4,3,5,1,4,1,0,0
53920622,5,4,4,1,3,2,0,0
53930201,5,5,4,0,3,2,0,0
53930202,5,5,0,2,0,5,0,0
53930210,5,5,5,1,2,3,0,0
53930211,2,2,2,4,2,1,0,0
53930212,5,1,3,3,3,2,0,0
53930213,2,5,1,4,0,3,0,0
53930214,3,0,6,0,3,1,0,1
53930215,3,3,3,0,2,2,0,0
53930218,3,5,0,4,0,4,0,0
53930220,0,1,0,5,0,1,1,0
53930222,5,5,2,4,1,4,0,0
54500102,3,4,1,2,1,3,0,0
54500107,5,3,3,0,3,2,0,0
54500108,4,2,0,4,0,5,0,0
54500109,4,4,3,1,2,3,0,0
54500111,3,4,1,2,1,3,0,0
54500112,5,0,8,0,2,3,0,1
54500113,2,0,1,0,0,3,0,1
54500114,5,3,5,0,2,3,0,0
54500116,5,4,0,0,0,5,0,0
54500117,5,4,3,2,1,4,0,0
54500118,4,5,3,2,1,4,0,0
54500120,2,3,3,0,2,1,0,0
54500121,5,4,3,5,3,2,0,0
54500122,4,5,1,7,1,4,0,0
54500123,2,2,3,2,1,2,0,0
54500124,3,5,1,6,1,3,0,0
54500125,2,2,2,1,2,1,0,0
54500126,3,1,3,1,1,3,0,0
54500301,5,2,3,2,3,2,0,0
54500302,4,3,4,0,2,3,0,0
54500303,4,5,4,1,2,3,0,0
54500309,5,4,5,0,2,3,0,0
54500310,5,0,6,0,2,3,0,1
54500311,5,5,2,6,1,4,0,0
54500313,5,5,4,0,2,3,0,0
54500314,0,3,0,6,0,1,1,0
54500316,4,3,3,1,3,2,0,0
54500317,0,1,3,0,0,1,0,0
54500318,5,0,1,2,1,4,0,0
54500320,5,5,1,4,1,4,0,0
54500321,4,3,1,1,1,4,0,0
54500324,5,4,4,0,3,2,0,0
54500325,5,2,4,0,4,1,0,0
54500326,3,4,3,0,3,1,0,0
54800102,1,1,2,3,0,2,0,0
54800103,5,3,1,4,1,4,0,0
54800105,3,2,3,3,3,1,0,0
54800106,5,5,1,1,1,4,0,0
54800107,4,3,3,2,1,4,0,0
54800109,3,4,3,1,3,1,0,0
54800110,5,3,3,1,2,3,0,0
54800111,5,5,3,0,2,3,0,0
54800114,4,5,1,0,1,4,0,0
54800115,4,5,3,2,3,2,0,0
54800117,5,1,5,1,4,1,0,0
54800119,5,4,3,1,3,2,0,0
54800121,5,5,4,2,3,2,0,0
56540301,5,0,2,0,2,3,0,1
56540302,4,5,3,0,3,2,0,0
56540303,3,2,4,4,3,1,0,0
56540304,4,5,4,3,3,2,0,0
56540305,5,5,4,0,2,3,0,0
56540306,5,5,1,1,1,4,0,0
56540307,5,3,7,1,4,1,0,0
56540308,5,5,6,1,3,2,0,0
56540309,5,3,4,6,3,2,0,0
56540313,5,5,0,2,0,5,0,0
56540314,4,4,3,3,3,2,0,0
56540315,5,5,1,2,1,4,0,0
56540316,3,5,4,1,3,1,0,0
56540317,4,0,6,2,2,3,0,0
56540318,5,5,0,12,0,5,0,0
56540320,5,5,1,1,1,4,0,0
56540321,5,0,7,0,4,1,0,1
56540323,5,2,4,5,4,1,0,0
56540324,4,3,6,4,3,2,0,0
56540325,5,0,3,0,3,2,0,1
56540326,5,0,4,1,3,2,0,0
56540327,5,0,5,3,3,2,0,0
56540328,5,1,3,5,3,2,0,0
56540329,5,3,4,8,4,1,0,0
56540330,5,3,6,0,3,2,0,0
56540332,5,5,5,2,4,1,0,0
58130101,1,1,0,2,0,2,0,0
58130102,2,5,1,3,1,2,0,0
58130108,3,4,1,3,1,3,0,0
58130109,4,4,1,3,1,4,0,0
58130111,2,5,1,3,1,2,0,0
58130113,0,5,0,1,0,1,1,0
58130114,2,5,2,4,0,3,0,0
58130119,4,5,2,1,2,3,0,0
58130124,1,5,0,1,0,2,0,0
59530101,4,5,2,2,2,3,0,0
59530102,5,5,5,0,2,3,0,0
59530103,5,5,3,5,3,2,0,0
59530104,2,4,2,6,1,2,0,0
59530106,3,4,3,3,1,3,0,0
59530108,5,4,2,2,2,3,0,0
59530109,4,5,3,1,3,2,0,0
59530110,5,2,3,2,3,2,0,0
59530112,1,4,1,7,1,1,0,0
59530114,5,5,3,2,2,3,0,0
59530115,3,3,2,3,2,2,0,0
59530201,5,4,1,2,0,5,0,0
59530202,2,5,0,6,0,3,0,0
59530203,5,2,3,0,0,5,0,0
59530205,2,1,6,1,1,2,0,0
59530206,2,5,0,1,0,3,0,0
59530207,2,1,3,1,1,2,0,0
59530208,3,3,2,2,2,2,0,0
59530210,4,4,3,2,2,3,0,0
59530214,4,1,3,2,2,3,0,0
59530217,5,3,6,2,4,1,0,0
