youthidCUF,classidCUF,neg_indegree,neg_outdegree,neg_isolate,pos_indegree,pos_outdegree,pos_isolate,n_mutual_bfs,non_reciprocal,num_bfs
10200114,102001,1,3,0,5,2,0,2,1,2
10200115,102001,1,1,0,1,5,0,0,5,5
10200117,102001,0,3,0,7,5,0,5,0,5
10200118,102001,1,0,0,8,5,0,4,1,5
10200120,102001,5,4,0,3,4,0,2,3,4
10200122,102001,3,4,0,3,3,0,1,3,3
10200123,102001,1,5,0,1,5,0,1,4,5
10200124,102001,2,5,0,3,3,0,3,1,3
10420210,104202,0,2,0,2,3,0,1,3,3
10420212,104202,0,0,1,3,5,0,3,2,5
10420214,104202,0,5,0,9,5,0,4,1,5
10420217,104202,8,2,0,1,2,0,1,2,2
10420218,104202,2,3,0,5,4,0,3,2,4
10420219,104202,2,5,0,0,5,0,0,5,5
10420222,104202,2,4,0,1,5,0,1,4,5
10440111,104401,0,0,1,2,5,0,2,3,5
10440113,104401,0,1,0,2,3,0,1,3,3
10440114,104401,4,3,0,1,2,0,1,2,2
10440116,104401,1,0,0,3,5,0,3,2,5
10440118,104401,0,4,0,1,5,0,1,4,5
10440121,104401,3,5,0,1,5,0,1,4,5
10440211,104402,1,1,0,3,5,0,2,3,5
10440213,104402,1,3,0,0,3,0,0,4,3
10440214,104402,2,5,0,0,1,0,0,2,1
10440215,104402,1,5,0,2,4,0,2,3,4
10440216,104402,1,1,0,2,4,0,2,3,4
10440219,104402,0,5,0,2,1,0,1,1,1
10440220,104402,1,5,0,3,1,0,1,1,1
10480111,104801,4,4,0,1,2,0,1,2,2
10480113,104801,0,4,0,2,5,0,2,3,5
10480116,104801,0,5,0,5,5,0,4,1,5
10480117,104801,2,4,0,1,4,0,1,4,4
10480118,104801,0,5,0,5,5,0,4,1,5
10480119,104801,2,4,0,3,2,0,2,1,2
10480120,104801,5,5,0,4,4,0,3,2,4
10480121,104801,1,4,0,4,3,0,3,1,3
10480122,104801,0,5,0,6,5,0,4,1,5
10480123,104801,0,5,0,2,5,0,2,3,5
10480211,104802,9,4,0,2,3,0,2,2,3
10480212,104802,1,4,0,2,2,0,2,1,2
10480213,104802,1,4,0,5,4,0,2,3,4
10480214,104802,0,5,0,2,2,0,2,1,2
10480215,104802,5,5,0,2,2,0,2,1,2
10480216,104802,0,3,0,1,2,0,1,2,2
10480217,104802,5,5,0,2,3,0,2,2,3
10480218,104802,1,3,0,1,2,0,1,2,2
10480219,104802,1,5,0,2,5,0,2,3,5
10480220,104802,0,4,0,2,2,0,1,2,2
10480221,104802,0,3,0,2,2,0,1,2,2
11520110,115201,14,3,0,2,2,0,2,1,2
11520111,115201,0,3,0,7,4,0,3,2,4
11520112,115201,0,2,0,2,5,0,2,3,5
11520113,115201,1,5,0,2,5,0,2,3,5
11520114,115201,0,2,0,3,3,0,2,2,3
11520115,115201,0,1,0,6,5,0,4,1,5
11520116,115201,1,0,0,3,5,0,2,3,5
11520118,115201,1,3,0,2,3,0,2,2,3
11520119,115201,3,5,0,2,5,0,2,3,5
11520120,115201,14,5,0,1,3,0,1,3,3
11520123,115201,1,3,0,2,3,0,2,2,3
11520124,115201,5,3,0,3,3,0,2,2,3
11520125,115201,3,5,0,2,4,0,2,3,4
11520210,115202,4,5,0,4,5,0,3,2,5
11520212,115202,10,5,0,2,3,0,2,2,3
11520214,115202,1,4,0,6,5,0,4,1,5
11520215,115202,0,4,0,2,4,0,2,3,4
11520216,115202,1,4,0,0,5,0,0,5,5
11520219,115202,1,5,0,3,5,0,2,3,5
11520220,115202,3,3,0,3,3,0,3,1,3
11520221,115202,2,3,0,4,3,0,3,1,3
11520222,115202,3,3,0,0,3,0,0,4,3
11520223,115202,0,5,0,5,5,0,5,0,5
11520224,115202,4,5,0,4,3,0,3,1,3
11630110,116301,1,3,0,5,5,0,1,4,5
11630111,116301,1,5,0,4,5,0,4,1,5
11630112,116301,1,4,0,3,5,0,2,3,5
11630113,116301,1,4,0,3,4,0,3,2,4
11630114,116301,3,5,0,6,4,0,4,1,4
11630115,116301,1,3,0,4,5,0,3,2,5
11630118,116301,5,1,0,4,4,0,3,2,4
11630119,116301,3,4,0,3,4,0,2,3,4
11630120,116301,5,1,0,0,2,0,0,3,2
11630123,116301,2,4,0,6,5,0,3,2,5
11630124,116301,15,5,0,0,5,0,0,5,5
11630126,116301,1,3,0,2,5,0,2,3,5
11630127,116301,1,5,0,3,4,0,3,2,4
11630128,116301,3,5,0,3,5,0,3,2,5
11630130,116301,1,2,0,3,5,0,3,2,5
11630132,116301,1,3,0,3,4,0,3,2,4
12180112,121801,2,2,0,1,3,0,0,4,3
12180114,121801,1,5,0,0,4,0,0,5,4
12180115,121801,2,5,0,2,5,0,2,3,5
12180118,121801,0,2,0,3,5,0,3,2,5
12180120,121801,0,5,0,2,2,0,1,2,2
12180121,121801,3,5,0,3,4,0,2,3,4
12750210,127502,0,5,0,4,5,0,3,2,5
12750211,127502,1,4,0,5,4,0,3,2,4
12750213,127502,6,0,0,2,4,0,2,3,4
12750214,127502,3,0,0,2,1,0,1,1,1
12750215,127502,3,5,0,1,4,0,1,4,4
13440111,134401,1,5,0,2,5,0,1,4,5
13440112,134401,4,5,0,4,2,0,2,1,2
13440113,134401,0,5,0,5,4,0,2,3,4
13440114,134401,3,0,0,2,2,0,1,2,2
13440115,134401,1,5,0,2,5,0,0,5,5
13440117,134401,0,0,1,0,0,1,0,1,0
13440122,134401,0,2,0,1,4,0,1,4,4
13440125,134401,6,4,0,1,3,0,0,4,3
13440126,134401,3,4,0,0,5,0,0,5,5
13440310,134403,1,5,0,3,5,0,2,3,5
13440311,134403,7,1,0,4,5,0,4,1,5
13440313,134403,3,4,0,1,4,0,1,4,4
13440314,134403,6,5,0,0,5,0,0,5,5
13440315,134403,2,2,0,4,2,0,2,1,2
13440316,134403,6,2,0,3,4,0,2,3,4
13440318,134403,0,4,0,4,4,0,3,2,4
13440319,134403,4,2,0,6,4,0,3,2,4
13440320,134403,12,1,0,2,4,0,1,4,4
13440323,134403,3,5,0,5,5,0,3,2,5
13440324,134403,0,3,0,2,4,0,1,4,4
13440325,134403,0,2,0,4,5,0,1,4,5
13440326,134403,3,3,0,1,5,0,1,4,5
13440327,134403,3,3,0,3,5,0,3,2,5
13440328,134403,1,5,0,3,3,0,3,1,3
13620110,136201,2,3,0,2,2,0,2,1,2
13620111,136201,2,0,0,6,5,0,5,0,5
13620112,136201,4,4,0,1,5,0,1,4,5
13620114,136201,0,1,0,6,5,0,5,0,5
13620115,136201,5,5,0,5,4,0,4,1,4
13620210,136202,0,3,0,3,3,0,2,2,3
13620211,136202,2,5,0,3,4,0,3,2,4
13620212,136202,4,3,0,2,2,0,1,2,2
13620214,136202,0,4,0,1,5,0,1,4,5
13620215,136202,8,2,0,1,1,0,1,1,1
13620218,136202,1,0,0,3,4,0,3,2,4
13620219,136202,1,4,0,4,4,0,3,2,4
14110110,141101,1,1,0,2,5,0,1,4,5
14110111,141101,1,4,0,1,1,0,0,2,1
14110112,141101,0,5,0,0,5,0,0,5,5
14110115,141101,2,4,0,0,4,0,0,5,4
14110118,141101,0,3,0,4,5,0,3,2,5
14110120,141101,0,1,0,1,3,0,0,4,3
14390110,143901,2,2,0,2,3,0,1,3,3
14390113,143901,5,1,0,1,2,0,1,2,2
14390114,143901,2,4,0,2,2,0,2,1,2
14390115,143901,0,1,0,1,1,0,1,1,1
14390119,143901,0,5,0,3,3,0,2,2,3
14390120,143901,0,4,0,2,3,0,2,2,3
14390122,143901,0,2,0,1,4,0,1,4,4
14390123,143901,0,3,0,2,2,0,2,1,2
14390124,143901,1,0,0,3,1,0,1,1,1
14690110,146901,0,0,1,6,5,0,4,1,5
14690111,146901,2,2,0,2,3,0,1,3,3
14690114,146901,0,0,1,4,3,0,3,1,3
14690115,146901,1,0,0,4,5,0,4,1,5
14690116,146901,0,3,0,5,2,0,1,2,2
14690117,146901,4,4,0,3,5,0,3,2,5
14690118,146901,3,3,0,2,1,0,1,1,1
14690119,146901,5,3,0,3,3,0,2,2,3
14690120,146901,2,1,0,2,4,0,2,3,4
14690210,146902,2,2,0,1,3,0,1,3,3
14690211,146902,1,3,0,4,5,0,4,1,5
14690212,146902,1,5,0,2,1,0,1,1,1
14690213,146902,2,2,0,4,3,0,3,1,3
14690214,146902,3,4,0,3,5,0,2,3,5
14690215,146902,11,4,0,0,1,0,0,2,1
14690216,146902,3,2,0,1,3,0,1,3,3
14690217,146902,1,3,0,2,1,0,1,1,1
14690218,146902,0,3,0,4,3,0,2,2,3
14790111,147901,2,2,0,2,3,0,2,2,3
14790114,147901,10,3,0,0,2,0,0,3,2
14790115,147901,0,3,0,3,2,0,2,1,2
14790116,147901,7,5,0,1,5,0,1,4,5
14790117,147901,1,5,0,6,5,0,4,1,5
14790118,147901,0,5,0,2,3,0,2,2,3
14790119,147901,3,2,0,3,2,0,2,1,2
14790120,147901,3,0,0,4,4,0,4,1,4
14790121,147901,1,3,0,5,4,0,4,1,4
14790122,147901,1,5,0,2,3,0,2,2,3
14790123,147901,1,5,0,4,4,0,4,1,4
14790124,147901,1,4,0,2,3,0,1,3,3
14790125,147901,0,5,0,3,2,0,2,1,2
14790126,147901,1,3,0,3,3,0,3,1,3
14790127,147901,8,5,0,3,4,0,3,2,4
14790212,147902,6,5,0,1,2,0,1,2,2
14790213,147902,1,0,0,3,4,0,2,3,4
14790214,147902,3,3,0,3,5,0,3,2,5
14790215,147902,4,5,0,3,5,0,2,3,5
14790216,147902,1,1,0,3,5,0,3,2,5
14790217,147902,1,0,0,3,4,0,2,3,4
14790220,147902,4,5,0,2,5,0,1,4,5
14790221,147902,4,2,0,1,2,0,0,3,2
14790225,147902,1,5,0,1,5,0,1,4,5
14790226,147902,2,0,0,1,0,0,0,1,0
14840110,148401,1,1,0,2,1,0,0,2,1
14840111,148401,5,3,0,0,2,0,0,3,2
14840117,148401,1,3,0,2,4,0,1,4,4
14840118,148401,0,5,0,1,5,0,1,4,5
14840119,148401,3,2,0,3,5,0,3,2,5
14840122,148401,1,0,0,2,5,0,2,3,5
15130210,151302,3,3,0,4,5,0,1,4,5
15130211,151302,1,5,0,3,3,0,2,2,3
15130212,151302,1,5,0,3,5,0,2,3,5
15130213,151302,9,2,0,2,2,0,1,2,2
15130214,151302,0,5,0,4,5,0,4,1,5
15130215,151302,8,2,0,2,5,0,2,3,5
15130216,151302,0,5,0,3,5,0,1,4,5
15130218,151302,9,5,0,4,4,0,3,2,4
15130219,151302,7,3,0,3,3,0,3,1,3
15130220,151302,4,3,0,3,1,0,1,1,1
15130221,151302,3,3,0,3,3,0,1,3,3
15130222,151302,2,4,0,4,5,0,3,2,5
15130223,151302,1,5,0,2,4,0,2,3,4
15130224,151302,3,5,0,4,4,0,3,2,4
15130225,151302,1,5,0,3,2,0,1,2,2
15130226,151302,9,5,0,1,0,0,0,1,0
15130410,151304,1,5,0,2,5,0,2,3,5
15130411,151304,1,3,0,6,5,0,2,3,5
15130414,151304,2,3,0,3,5,0,3,2,5
15130415,151304,6,5,0,1,5,0,1,4,5
15130416,151304,5,2,0,2,5,0,1,4,5
15130418,151304,1,2,0,4,2,0,2,1,2
15130419,151304,4,4,0,7,5,0,3,2,5
15130420,151304,1,0,0,4,5,0,4,1,5
15130421,151304,1,2,0,5,4,0,4,1,4
15130422,151304,4,3,0,0,3,0,0,4,3
15130424,151304,2,0,0,0,5,0,0,5,5
15130425,151304,1,5,0,5,5,0,3,2,5
15130426,151304,3,3,0,4,4,0,2,3,4
15720110,157201,1,5,0,7,5,0,2,3,5
15720111,157201,1,5,0,3,5,0,2,3,5
15720112,157201,8,5,0,5,5,0,3,2,5
15720113,157201,5,4,0,3,4,0,1,4,4
15720114,157201,2,3,0,5,5,0,4,1,5
15720115,157201,1,5,0,2,4,0,2,3,4
15720116,157201,2,0,0,5,5,0,3,2,5
15720117,157201,1,2,0,6,4,0,3,2,4
15720210,157202,3,5,0,3,4,0,2,3,4
15720213,157202,4,5,0,1,3,0,0,4,3
15720214,157202,1,5,0,1,5,0,1,4,5
15720215,157202,1,4,0,1,2,0,1,2,2
15720216,157202,3,5,0,4,5,0,3,2,5
15720217,157202,3,2,0,3,3,0,2,2,3
15720218,157202,3,5,0,2,2,0,2,1,2
16620111,166201,14,3,0,4,4,0,3,2,4
16620112,166201,2,5,0,4,5,0,4,1,5
16620113,166201,1,4,0,5,5,0,4,1,5
16620114,166201,0,4,0,4,5,0,2,3,5
16620115,166201,0,5,0,2,1,0,1,1,1
16620116,166201,1,5,0,7,5,0,5,0,5
16620117,166201,0,3,0,3,3,0,1,3,3
16620118,166201,3,4,0,6,5,0,5,0,5
16620119,166201,4,4,0,0,5,0,0,5,5
16620120,166201,0,3,0,6,5,0,3,2,5
16620121,166201,1,5,0,4,5,0,2,3,5
16620122,166201,6,5,0,5,5,0,5,0,5
16620123,166201,0,4,0,6,4,0,4,1,4
16620124,166201,3,5,0,3,3,0,3,1,3
16620125,166201,4,5,0,6,5,0,5,0,5
16620126,166201,4,5,0,5,5,0,3,2,5
16620127,166201,14,4,0,2,5,0,2,3,5
16620128,166201,2,1,0,2,5,0,1,4,5
16620129,166201,2,2,0,3,2,0,1,2,2
16620130,166201,13,2,0,2,3,0,2,2,3
16620410,166204,7,1,0,1,4,0,1,4,4
16620411,166204,0,3,0,4,2,0,2,1,2
16620412,166204,0,1,0,4,5,0,2,3,5
16620413,166204,1,4,0,5,5,0,3,2,5
16620414,166204,0,4,0,3,5,0,2,3,5
16620415,166204,0,2,0,5,4,0,3,2,4
16620416,166204,0,1,0,2,5,0,2,3,5
16620419,166204,10,1,0,0,0,1,0,1,0
16620422,166204,0,3,0,5,5,0,2,3,5
16620426,166204,2,4,0,1,5,0,1,4,5
16620427,166204,1,0,0,5,5,0,3,2,5
16620429,166204,1,5,0,2,4,0,1,4,4
16620430,166204,7,1,0,1,4,0,1,4,4
17300212,173002,0,4,0,4,4,0,4,1,4
17300213,173002,9,4,0,0,1,0,0,2,1
17300215,173002,0,2,0,4,5,0,3,2,5
17300217,173002,2,4,0,2,2,0,1,2,2
17300219,173002,2,5,0,1,4,0,1,4,4
17300221,173002,0,0,1,4,3,0,3,1,3
17300222,173002,0,5,0,3,5,0,3,2,5
17300224,173002,1,4,0,3,2,0,2,1,2
17300510,173005,5,3,0,3,3,0,2,2,3
17300511,173005,1,3,0,3,5,0,2,3,5
17300512,173005,0,3,0,2,3,0,2,2,3
17300513,173005,0,1,0,5,3,0,3,1,3
17300515,173005,14,1,0,1,3,0,1,3,3
17300516,173005,0,2,0,5,5,0,4,1,5
17300518,173005,2,1,0,2,2,0,2,1,2
17300519,173005,2,5,0,2,3,0,2,2,3
17300520,173005,0,3,0,3,3,0,3,1,3
17300521,173005,1,1,0,7,5,0,5,0,5
17300522,173005,2,2,0,2,2,0,2,1,2
17300523,173005,2,1,0,7,5,0,5,0,5
17300524,173005,3,5,0,4,5,0,4,1,5
17300525,173005,1,1,0,5,5,0,4,1,5
17830111,178301,0,4,0,0,4,0,0,5,4
17830116,178301,1,5,0,4,5,0,2,3,5
17830118,178301,1,1,0,3,5,0,3,2,5
18500111,185001,1,5,0,3,2,0,2,1,2
18500112,185001,2,4,0,5,5,0,4,1,5
18500114,185001,6,2,0,2,5,0,1,4,5
18500115,185001,1,5,0,2,3,0,2,2,3
18500117,185001,0,5,0,4,5,0,4,1,5
18500118,185001,0,5,0,3,5,0,3,2,5
18500120,185001,4,1,0,2,2,0,2,1,2
18500121,185001,2,5,0,5,5,0,4,1,5
18500122,185001,4,5,0,3,5,0,3,2,5
18500123,185001,1,2,0,2,5,0,2,3,5
18500124,185001,0,1,0,6,5,0,5,0,5
18500125,185001,1,2,0,2,2,0,2,1,2
18560313,185603,4,5,0,2,4,0,2,3,4
18560316,185603,2,5,0,2,2,0,0,3,2
18560317,185603,0,4,0,1,2,0,1,2,2
18560318,185603,7,4,0,0,5,0,0,5,5
18560319,185603,4,5,0,1,3,0,1,3,3
18560325,185603,3,3,0,2,2,0,2,1,2
19860210,198602,2,5,0,4,3,0,1,3,3
19860211,198602,2,5,0,6,5,0,4,1,5
19860214,198602,0,5,0,1,3,0,1,3,3
19860215,198602,2,5,0,1,1,0,1,1,1
20320110,203201,0,3,0,5,3,0,3,1,3
20320112,203201,7,5,0,2,4,0,1,4,4
20320114,203201,1,5,0,5,4,0,2,3,4
20320115,203201,1,4,0,7,5,0,4,1,5
20320116,203201,9,5,0,1,3,0,1,3,3
20320117,203201,0,5,0,3,2,0,2,1,2
20320118,203201,1,5,0,4,5,0,2,3,5
20320119,203201,8,1,0,2,2,0,2,1,2
20320120,203201,8,4,0,2,2,0,1,2,2
20320121,203201,2,5,0,6,3,0,3,1,3
20320122,203201,10,5,0,2,2,0,2,1,2
20320123,203201,1,4,0,4,4,0,3,2,4
20320126,203201,2,3,0,4,3,0,2,2,3
20320410,203204,0,5,0,2,3,0,1,3,3
20320414,203204,10,0,0,0,0,1,0,1,0
20320419,203204,0,5,0,1,5,0,1,4,5
20320420,203204,1,1,0,1,3,0,1,3,3
20320421,203204,0,2,0,3,5,0,2,3,5
20320423,203204,2,2,0,3,4,0,3,2,4
20320424,203204,0,2,0,2,3,0,0,4,3
20320425,203204,0,2,0,3,3,0,2,2,3
20320426,203204,0,2,0,2,2,0,1,2,2
20320428,203204,2,3,0,1,3,0,0,4,3
20320429,203204,0,1,0,2,5,0,2,3,5
20330312,203303,10,5,0,3,3,0,3,1,3
20330313,203303,2,3,0,2,4,0,2,3,4
20330314,203303,4,4,0,2,4,0,2,3,4
20330315,203303,4,3,0,2,5,0,2,3,5
20330316,203303,2,3,0,3,2,0,2,1,2
20330317,203303,2,1,0,5,3,0,2,2,3
20330319,203303,2,3,0,5,4,0,3,2,4
20330320,203303,4,3,0,2,4,0,2,3,4
20330322,203303,0,0,1,5,3,0,2,2,3
20330324,203303,0,2,0,3,2,0,2,1,2
20330327,203303,4,3,0,4,3,0,2,2,3
20350212,203502,2,5,0,2,4,0,2,3,4
20350214,203502,2,2,0,4,5,0,3,2,5
20350216,203502,1,4,0,3,5,0,2,3,5
20350218,203502,2,5,0,4,5,0,3,2,5
20350220,203502,2,5,0,3,5,0,3,2,5
20350222,203502,0,3,0,2,5,0,2,3,5
20350224,203502,1,3,0,5,5,0,1,4,5
20350225,203502,5,5,0,1,5,0,1,4,5
20350227,203502,0,5,0,2,2,0,1,2,2
20350410,203504,5,2,0,5,5,0,4,1,5
20350411,203504,2,1,0,3,3,0,3,1,3
20350412,203504,2,2,0,1,5,0,0,5,5
20350413,203504,9,3,0,1,5,0,1,4,5
20350414,203504,4,4,0,6,3,0,3,1,3
20350417,203504,1,4,0,3,4,0,3,2,4
20350418,203504,5,2,0,2,5,0,2,3,5
20350419,203504,0,2,0,2,4,0,2,3,4
20350421,203504,0,2,0,3,4,0,2,3,4
20350422,203504,4,5,0,3,2,0,2,1,2
20350423,203504,8,4,0,4,5,0,3,2,5
20350424,203504,2,0,0,6,5,0,5,0,5
20350425,203504,4,4,0,1,3,0,1,3,3
20490210,204902,0,3,0,4,3,0,2,2,3
20490211,204902,4,5,0,0,3,0,0,4,3
20490212,204902,1,4,0,4,5,0,2,3,5
20490213,204902,3,5,0,1,5,0,1,4,5
20490216,204902,1,5,0,4,4,0,2,3,4
20490217,204902,0,4,0,4,4,0,2,3,4
20490219,204902,0,3,0,2,5,0,2,3,5
20490223,204902,1,4,0,2,4,0,1,4,4
20490225,204902,4,5,0,1,5,0,0,5,5
20490227,204902,7,3,0,1,5,0,0,5,5
20490229,204902,2,5,0,2,5,0,1,4,5
20490230,204902,2,5,0,1,5,0,1,4,5
20490310,204903,3,2,0,2,2,0,1,2,2
20490311,204903,1,1,0,2,2,0,1,2,2
20490313,204903,2,3,0,4,5,0,4,1,5
20490323,204903,0,4,0,3,5,0,3,2,5
21280113,212801,2,4,0,4,4,0,2,3,4
21280115,212801,0,5,0,0,5,0,0,5,5
21280116,212801,0,2,0,4,5,0,3,2,5
21280118,212801,4,0,0,4,5,0,3,2,5
21280119,212801,1,3,0,0,4,0,0,5,4
21280120,212801,0,1,0,4,3,0,2,2,3
21280121,212801,3,3,0,3,5,0,2,3,5
21280123,212801,6,5,0,1,3,0,1,3,3
21280310,212803,1,2,0,2,4,0,1,4,4
21280311,212803,1,5,0,5,5,0,4,1,5
21280312,212803,0,5,0,3,5,0,0,5,5
21280313,212803,4,1,0,1,2,0,1,2,2
21280315,212803,3,5,0,2,1,0,0,2,1
21280316,212803,3,5,0,4,5,0,3,2,5
21280317,212803,0,1,0,2,3,0,1,3,3
21280319,212803,6,3,0,1,3,0,1,3,3
21730210,217302,2,4,0,3,4,0,2,3,4
21730211,217302,2,1,0,2,5,0,1,4,5
21730212,217302,0,1,0,9,5,0,5,0,5
21730213,217302,5,3,0,1,3,0,1,3,3
21730215,217302,11,4,0,1,3,0,0,4,3
21730217,217302,0,5,0,2,5,0,2,3,5
21730219,217302,1,5,0,5,4,0,3,2,4
21730220,217302,0,5,0,6,5,0,5,0,5
21730221,217302,0,3,0,3,5,0,2,3,5
21730226,217302,4,3,0,4,5,0,4,1,5
21730227,217302,2,0,0,2,5,0,2,3,5
21730228,217302,1,0,0,4,4,0,2,3,4
21730312,217303,1,2,0,5,5,0,3,2,5
21730313,217303,2,3,0,2,4,0,2,3,4
21730321,217303,4,5,0,0,3,0,0,4,3
21730322,217303,0,2,0,3,5,0,3,2,5
21730323,217303,1,5,0,1,4,0,1,4,4
21730325,217303,1,5,0,2,3,0,2,2,3
22440310,224403,1,5,0,4,5,0,4,1,5
22440312,224403,3,5,0,1,4,0,1,4,4
22440313,224403,0,4,0,0,5,0,0,5,5
22440315,224403,0,0,1,4,5,0,4,1,5
22440316,224403,2,5,0,3,5,0,3,2,5
22440319,224403,2,2,0,1,5,0,1,4,5
22440320,224403,0,4,0,6,3,0,2,2,3
22440322,224403,0,2,0,5,5,0,4,1,5
22440323,224403,1,4,0,7,5,0,4,1,5
22440326,224403,0,2,0,3,5,0,3,2,5
22440610,224406,2,0,0,4,3,0,2,2,3
22440611,224406,0,5,0,4,5,0,2,3,5
22440612,224406,0,4,0,1,5,0,1,4,5
22440617,224406,5,4,0,1,2,0,1,2,2
22440620,224406,0,3,0,3,5,0,3,2,5
22440622,224406,2,4,0,4,5,0,3,2,5
22440623,224406,1,1,0,5,5,0,3,2,5
22440624,224406,4,0,0,1,1,0,1,1,1
22440626,224406,6,4,0,4,5,0,3,2,5
22440627,224406,4,3,0,2,5,0,2,3,5
22480110,224801,2,3,0,1,3,0,1,3,3
22480112,224801,2,5,0,4,5,0,2,3,5
22480114,224801,6,4,0,3,2,0,2,1,2
22480116,224801,4,3,0,2,5,0,2,3,5
22480117,224801,1,5,0,2,5,0,2,3,5
22480118,224801,2,0,0,1,5,0,1,4,5
22480119,224801,2,4,0,5,4,0,3,2,4
22480121,224801,4,0,0,1,5,0,1,4,5
22480122,224801,3,5,0,6,5,0,3,2,5
22480125,224801,1,3,0,4,2,0,1,2,2
22480127,224801,0,3,0,2,5,0,1,4,5
22480130,224801,3,5,0,3,3,0,3,1,3
22480131,224801,2,0,0,1,0,0,0,1,0
22800210,228002,6,3,0,1,4,0,0,5,4
22800213,228002,1,4,0,3,4,0,0,5,4
22800214,228002,3,5,0,4,2,0,2,1,2
22800215,228002,2,1,0,4,4,0,2,3,4
22800216,228002,0,5,0,5,5,0,5,0,5
22800217,228002,0,3,0,2,4,0,2,3,4
22800221,228002,3,5,0,3,2,0,2,1,2
22800222,228002,0,5,0,5,5,0,4,1,5
22800225,228002,0,4,0,2,5,0,2,3,5
22800226,228002,4,5,0,4,4,0,3,2,4
22800227,228002,0,1,0,2,5,0,2,3,5
22800228,228002,0,5,0,4,5,0,4,1,5
22800229,228002,5,2,0,4,5,0,3,2,5
22800230,228002,9,2,0,1,5,0,1,4,5
22800231,228002,5,5,0,2,5,0,2,3,5
22800310,228003,1,5,0,4,5,0,1,4,5
22800311,228003,1,1,0,4,2,0,2,1,2
22800312,228003,2,5,0,3,5,0,2,3,5
22800313,228003,3,2,0,1,3,0,1,3,3
22800314,228003,0,5,0,3,5,0,2,3,5
22800315,228003,1,5,0,2,3,0,2,2,3
22800316,228003,1,1,0,2,2,0,2,1,2
22800318,228003,0,5,0,6,5,0,3,2,5
22800319,228003,1,4,0,4,5,0,4,1,5
22800323,228003,2,2,0,3,5,0,2,3,5
22800326,228003,1,5,0,4,4,0,3,2,4
22800327,228003,1,5,0,3,3,0,3,1,3
22800328,228003,0,5,0,3,3,0,2,2,3
22800330,228003,1,5,0,3,5,0,3,2,5
22800331,228003,2,5,0,4,5,0,3,2,5
23270110,232701,1,2,0,4,4,0,3,2,4
23270112,232701,0,5,0,6,4,0,3,2,4
23270113,232701,3,4,0,1,3,0,0,4,3
23270114,232701,14,2,0,0,5,0,0,5,5
23270115,232701,0,3,0,6,5,0,4,1,5
23270116,232701,12,5,0,1,2,0,0,3,2
23270117,232701,2,4,0,2,2,0,1,2,2
23270119,232701,1,5,0,3,5,0,3,2,5
23270120,232701,0,5,0,4,5,0,2,3,5
23270122,232701,0,4,0,5,5,0,4,1,5
23270123,232701,0,4,0,4,5,0,3,2,5
23270124,232701,0,4,0,3,5,0,3,2,5
23270125,232701,5,3,0,1,4,0,0,5,4
23270126,232701,14,2,0,0,4,0,0,5,4
23270310,232703,0,1,0,5,4,0,4,1,4
23270312,232703,2,1,0,2,3,0,2,2,3
23270313,232703,6,2,0,3,4,0,3,2,4
23270314,232703,1,4,0,5,4,0,4,1,4
23270315,232703,3,5,0,5,3,0,3,1,3
23270316,232703,3,3,0,5,3,0,3,1,3
23270317,232703,10,1,0,0,3,0,0,4,3
23270319,232703,4,3,0,3,5,0,3,2,5
23270320,232703,2,5,0,5,5,0,5,0,5
23270321,232703,10,3,0,2,4,0,2,3,4
23270322,232703,1,5,0,2,2,0,2,1,2
23270323,232703,1,1,0,6,5,0,5,0,5
23460111,234601,0,5,0,1,3,0,1,3,3
23460112,234601,4,5,0,2,5,0,2,3,5
23460113,234601,0,3,0,1,4,0,0,5,4
23460114,234601,4,2,0,2,5,0,2,3,5
23460115,234601,7,5,0,4,3,0,3,1,3
23460116,234601,1,5,0,2,4,0,1,4,4
23460119,234601,3,5,0,3,5,0,2,3,5
23460120,234601,2,5,0,2,5,0,2,3,5
24330210,243302,0,5,0,3,5,0,3,2,5
24330211,243302,2,0,0,3,5,0,3,2,5
24330217,243302,0,3,0,3,5,0,2,3,5
24330218,243302,0,5,0,3,5,0,2,3,5
24330219,243302,2,3,0,2,5,0,0,5,5
24330220,243302,0,3,0,3,5,0,2,3,5
24330223,243302,3,2,0,0,2,0,0,3,2
24330225,243302,0,5,0,0,2,0,0,3,2
24330227,243302,1,5,0,2,1,0,1,1,1
24330228,243302,3,4,0,1,5,0,1,4,5
24330312,243303,1,2,0,1,2,0,1,2,2
24330314,243303,0,1,0,1,5,0,1,4,5
24330316,243303,8,5,0,0,0,1,0,1,0
24330317,243303,1,2,0,2,4,0,0,5,4
24330318,243303,0,3,0,3,4,0,2,3,4
24330319,243303,0,3,0,2,4,0,1,4,4
24330320,243303,2,4,0,0,3,0,0,4,3
24330323,243303,0,1,0,1,5,0,1,4,5
24330325,243303,1,5,0,3,5,0,3,2,5
24870110,248701,4,5,0,2,4,0,2,3,4
24870111,248701,0,5,0,4,5,0,3,2,5
24870113,248701,0,4,0,4,5,0,4,1,5
24870114,248701,0,5,0,6,5,0,3,2,5
24870117,248701,0,5,0,7,5,0,5,0,5
24870118,248701,3,5,0,5,5,0,4,1,5
24870119,248701,12,5,0,0,3,0,0,4,3
24870120,248701,6,5,0,2,2,0,2,1,2
24870121,248701,0,2,0,2,5,0,2,3,5
24870122,248701,0,4,0,3,5,0,3,2,5
24870124,248701,7,4,0,2,1,0,1,1,1
24870125,248701,0,2,0,3,5,0,3,2,5
24870126,248701,3,5,0,3,5,0,2,3,5
24870127,248701,6,3,0,2,1,0,1,1,1
24870128,248701,0,4,0,4,4,0,4,1,4
24870129,248701,0,4,0,4,5,0,3,2,5
24870511,248705,1,5,0,4,5,0,3,2,5
24870512,248705,0,0,1,5,5,0,4,1,5
24870514,248705,0,4,0,8,5,0,4,1,5
24870515,248705,2,5,0,4,5,0,4,1,5
24870516,248705,1,0,0,5,4,0,3,2,4
24870517,248705,7,4,0,2,3,0,2,2,3
24870518,248705,1,2,0,1,1,0,1,1,1
24870519,248705,8,3,0,0,4,0,0,5,4
24870521,248705,3,3,0,5,5,0,5,0,5
24870522,248705,1,4,0,5,5,0,5,0,5
24870524,248705,1,4,0,1,1,0,0,2,1
24870526,248705,3,3,0,2,4,0,1,4,4
24870527,248705,6,5,0,2,4,0,2,3,4
24870528,248705,0,3,0,3,3,0,3,1,3
25450110,254501,0,2,0,5,5,0,5,0,5
25450111,254501,1,3,0,3,4,0,3,2,4
25450112,254501,4,0,0,4,3,0,3,1,3
25450113,254501,6,4,0,3,3,0,3,1,3
25450114,254501,1,5,0,2,3,0,0,4,3
25450115,254501,6,3,0,2,2,0,1,2,2
25450116,254501,0,5,0,6,5,0,4,1,5
25450117,254501,1,5,0,5,5,0,3,2,5
25450118,254501,11,0,0,0,0,1,0,1,0
25450119,254501,4,0,0,3,3,0,3,1,3
25550210,255502,0,1,0,5,4,0,2,3,4
25550212,255502,1,5,0,1,3,0,1,3,3
25550214,255502,0,4,0,3,5,0,1,4,5
25550216,255502,2,5,0,1,2,0,1,2,2
25550217,255502,13,2,0,1,5,0,0,5,5
25550218,255502,1,0,0,4,5,0,3,2,5
25550219,255502,5,2,0,5,4,0,2,3,4
25550220,255502,1,1,0,2,2,0,1,2,2
25550221,255502,3,1,0,5,4,0,2,3,4
25550223,255502,1,1,0,0,4,0,0,5,4
25550224,255502,0,5,0,1,5,0,1,4,5
25550226,255502,0,3,0,3,5,0,2,3,5
25550410,255504,0,5,0,9,5,0,5,0,5
25550411,255504,0,5,0,6,5,0,4,1,5
25550415,255504,6,1,0,2,4,0,2,3,4
25550417,255504,6,2,0,0,3,0,0,4,3
25550418,255504,0,4,0,3,5,0,2,3,5
25550419,255504,2,2,0,2,5,0,2,3,5
25550421,255504,2,1,0,3,4,0,3,2,4
25550422,255504,7,4,0,2,4,0,2,3,4
25550423,255504,0,1,0,5,4,0,4,1,4
25550425,255504,0,1,0,3,5,0,3,2,5
25550426,255504,1,5,0,2,5,0,1,4,5
25550428,255504,0,1,0,4,2,0,2,1,2
25550429,255504,0,5,0,5,4,0,3,2,4
25550430,255504,1,3,0,3,5,0,3,2,5
25550432,255504,1,5,0,4,3,0,2,2,3
25700110,257001,2,4,0,0,3,0,0,4,3
25700111,257001,0,2,0,1,3,0,0,4,3
25700114,257001,2,3,0,1,2,0,1,2,2
25700117,257001,5,5,0,2,2,0,2,1,2
25700121,257001,0,5,0,1,5,0,1,4,5
25700122,257001,2,3,0,2,5,0,2,3,5
25700211,257002,2,5,0,2,3,0,2,2,3
25700212,257002,0,3,0,5,5,0,4,1,5
25700217,257002,0,1,0,3,3,0,2,2,3
25700220,257002,4,4,0,3,5,0,2,3,5
25700221,257002,0,2,0,1,1,0,1,1,1
26100111,261001,2,1,0,2,2,0,1,2,2
26100112,261001,2,1,0,6,5,0,4,1,5
26100115,261001,0,1,0,5,5,0,4,1,5
26100116,261001,0,1,0,0,5,0,0,5,5
26100117,261001,0,4,0,6,5,0,3,2,5
26100118,261001,4,2,0,1,4,0,0,5,4
26100123,261001,0,1,0,5,5,0,3,2,5
26100124,261001,0,2,0,2,5,0,2,3,5
26100126,261001,0,2,0,5,3,0,3,1,3
26100127,261001,0,3,0,2,5,0,1,4,5
26100211,261002,0,5,0,7,5,0,4,1,5
26100212,261002,0,4,0,3,3,0,3,1,3
26100215,261002,1,4,0,4,4,0,4,1,4
26100216,261002,0,4,0,5,3,0,2,2,3
26100217,261002,0,2,0,3,5,0,2,3,5
26100218,261002,0,4,0,3,5,0,3,2,5
26100219,261002,3,5,0,0,3,0,0,4,3
26100221,261002,3,1,0,2,3,0,1,3,3
26100223,261002,0,5,0,4,5,0,2,3,5
26100225,261002,5,3,0,1,3,0,1,3,3
26260110,262601,1,0,0,3,4,0,3,2,4
26260112,262601,3,2,0,0,1,0,0,2,1
26260114,262601,0,2,0,4,5,0,0,5,5
26260116,262601,0,1,0,1,5,0,0,5,5
26260117,262601,1,2,0,3,5,0,3,2,5
26260118,262601,1,3,0,4,4,0,3,2,4
26260120,262601,0,3,0,0,4,0,0,5,4
26270210,262702,2,1,0,0,2,0,0,3,2
26270211,262702,0,4,0,1,5,0,1,4,5
26270212,262702,2,3,0,2,3,0,2,2,3
26270213,262702,2,5,0,3,3,0,0,4,3
26270214,262702,0,4,0,2,5,0,2,3,5
26270215,262702,1,5,0,7,5,0,4,1,5
26270216,262702,1,3,0,5,5,0,2,3,5
26270217,262702,0,4,0,3,5,0,2,3,5
26270218,262702,1,4,0,4,5,0,3,2,5
26270219,262702,0,3,0,6,4,0,3,2,4
26270222,262702,6,5,0,2,5,0,1,4,5
26270223,262702,2,2,0,2,5,0,2,3,5
26270224,262702,3,2,0,3,4,0,3,2,4
26270225,262702,4,5,0,3,4,0,2,3,4
26270226,262702,1,2,0,3,3,0,0,4,3
26270410,262704,0,4,0,5,4,0,3,2,4
26270413,262704,2,2,0,3,5,0,2,3,5
26270414,262704,0,2,0,7,5,0,2,3,5
26270418,262704,1,5,0,6,3,0,1,3,3
26270419,262704,1,5,0,3,5,0,2,3,5
26270421,262704,4,3,0,3,3,0,2,2,3
26270422,262704,0,5,0,5,5,0,2,3,5
26270423,262704,6,5,0,2,4,0,2,3,4
26270424,262704,3,5,0,3,5,0,3,2,5
26270425,262704,1,5,0,3,5,0,2,3,5
26450112,264501,3,2,0,3,3,0,3,1,3
26450113,264501,6,5,0,2,3,0,2,2,3
26450117,264501,0,5,0,1,1,0,1,1,1
26450118,264501,5,1,0,1,1,0,1,1,1
26450121,264501,5,3,0,2,2,0,2,1,2
26450211,264502,8,5,0,2,3,0,2,2,3
26450216,264502,0,5,0,2,5,0,1,4,5
26450217,264502,0,5,0,1,3,0,1,3,3
26450218,264502,3,5,0,2,2,0,2,1,2
26450221,264502,0,5,0,2,5,0,2,3,5
26450223,264502,1,0,0,3,5,0,3,2,5
26450224,264502,7,0,0,2,2,0,2,1,2
28460110,284601,0,2,0,2,2,0,1,2,2
28460111,284601,1,2,0,6,5,0,3,2,5
28460114,284601,11,3,0,0,5,0,0,5,5
28460118,284601,0,2,0,4,2,0,2,1,2
28460122,284601,2,4,0,2,3,0,1,3,3
28460125,284601,0,1,0,5,4,0,2,3,4
28460126,284601,1,1,0,2,4,0,2,3,4
28460128,284601,4,3,0,2,5,0,1,4,5
28460311,284603,3,4,0,0,4,0,0,5,4
28460318,284603,4,2,0,0,5,0,0,5,5
28460319,284603,0,2,0,1,4,0,1,4,4
28460323,284603,0,4,0,1,2,0,1,2,2
28460324,284603,0,0,1,3,5,0,3,2,5
28460325,284603,0,3,0,1,2,0,1,2,2
28460326,284603,0,5,0,3,2,0,0,3,2
28870210,288702,5,4,0,1,4,0,1,4,4
28870211,288702,2,2,0,1,2,0,1,2,2
28870212,288702,1,1,0,2,3,0,2,2,3
28870215,288702,2,3,0,3,4,0,1,4,4
28870217,288702,0,1,0,2,3,0,2,2,3
28870218,288702,6,5,0,1,2,0,1,2,2
28870219,288702,1,5,0,2,2,0,2,1,2
28870220,288702,4,5,0,3,5,0,3,2,5
28870221,288702,1,3,0,2,3,0,2,2,3
28870224,288702,2,5,0,1,1,0,1,1,1
28870410,288704,0,5,0,2,4,0,2,3,4
28870412,288704,4,5,0,2,5,0,2,3,5
28870415,288704,8,5,0,2,3,0,2,2,3
28870417,288704,6,4,0,1,5,0,1,4,5
28870418,288704,6,5,0,1,5,0,1,4,5
28870420,288704,0,4,0,2,4,0,1,4,4
28870422,288704,0,3,0,2,5,0,1,4,5
28870423,288704,2,4,0,1,2,0,0,3,2
28870424,288704,0,4,0,6,5,0,4,1,5
28870427,288704,0,5,0,0,3,0,0,4,3
28870430,288704,3,5,0,4,5,0,2,3,5
29840210,298402,0,2,0,5,5,0,4,1,5
29840212,298402,9,1,0,1,3,0,1,3,3
29840213,298402,2,1,0,3,3,0,1,3,3
29840215,298402,0,4,0,5,5,0,4,1,5
29840216,298402,0,2,0,3,5,0,1,4,5
29840218,298402,6,1,0,2,3,0,1,3,3
29840220,298402,1,3,0,4,4,0,4,1,4
29840510,298405,0,3,0,6,4,0,3,2,4
29840513,298405,0,3,0,5,5,0,3,2,5
29840519,298405,1,4,0,3,4,0,1,4,4
29840520,298405,0,2,0,3,2,0,2,1,2
29840521,298405,4,3,0,0,5,0,0,5,5
29840522,298405,0,0,1,3,5,0,2,3,5
29840523,298405,1,5,0,4,5,0,3,2,5
29840526,298405,5,1,0,0,1,0,0,2,1
29840527,298405,1,3,0,3,4,0,3,2,4
29840528,298405,0,3,0,2,3,0,2,2,3
30030311,300303,3,2,0,3,2,0,2,1,2
30030312,300303,0,3,0,6,5,0,4,1,5
30030313,300303,4,5,0,3,5,0,2,3,5
30030315,300303,0,2,0,5,5,0,3,2,5
30030316,300303,1,4,0,4,5,0,3,2,5
31080110,310801,1,4,0,1,5,0,0,5,5
31080111,310801,2,4,0,4,5,0,1,4,5
31080112,310801,3,4,0,1,4,0,1,4,4
31080113,310801,1,5,0,4,5,0,2,3,5
31080114,310801,0,1,0,0,5,0,0,5,5
31080116,310801,4,2,0,2,5,0,1,4,5
31080117,310801,2,1,0,4,5,0,3,2,5
31080210,310802,4,5,0,2,4,0,2,3,4
31080211,310802,2,4,0,2,2,0,2,1,2
31080212,310802,8,0,0,0,0,1,0,1,0
31080213,310802,2,4,0,2,4,0,1,4,4
31080217,310802,2,5,0,2,2,0,2,1,2
31080219,310802,3,5,0,3,4,0,1,4,4
31080220,310802,3,5,0,3,4,0,3,2,4
31080221,310802,2,5,0,2,4,0,2,3,4
31350110,313501,1,3,0,5,5,0,2,3,5
31350111,313501,1,3,0,3,3,0,2,2,3
31350112,313501,1,4,0,4,4,0,2,3,4
31350113,313501,1,1,0,2,5,0,2,3,5
31350114,313501,1,2,0,3,4,0,3,2,4
31350117,313501,1,4,0,2,0,0,0,1,0
31350118,313501,3,2,0,3,3,0,2,2,3
31350120,313501,0,5,0,2,5,0,0,5,5
31350210,313502,1,1,0,2,5,0,2,3,5
31350211,313502,3,4,0,3,5,0,3,2,5
31350212,313502,1,5,0,2,2,0,2,1,2
31350213,313502,1,2,0,6,3,0,3,1,3
31350214,313502,0,1,0,1,5,0,1,4,5
31350215,313502,6,4,0,1,5,0,0,5,5
31350218,313502,2,1,0,5,5,0,4,1,5
31350219,313502,1,2,0,2,5,0,1,4,5
31350220,313502,4,1,0,2,2,0,2,1,2
31350222,313502,7,5,0,5,5,0,5,0,5
32940213,329402,1,1,0,2,3,0,2,2,3
32940214,329402,6,1,0,1,3,0,1,3,3
32940216,329402,0,4,0,2,5,0,2,3,5
32940217,329402,1,4,0,2,5,0,2,3,5
32940218,329402,1,4,0,4,4,0,2,3,4
32940219,329402,0,5,0,7,5,0,4,1,5
32940222,329402,3,3,0,2,5,0,1,4,5
32940223,329402,7,5,0,1,3,0,1,3,3
32940225,329402,1,5,0,3,5,0,3,2,5
32940226,329402,3,0,0,1,5,0,1,4,5
32940229,329402,6,4,0,1,5,0,1,4,5
32940310,329403,2,3,0,1,4,0,1,4,4
32940311,329403,0,4,0,1,5,0,1,4,5
32940312,329403,2,3,0,1,4,0,1,4,4
32940315,329403,1,0,0,2,2,0,1,2,2
32940318,329403,5,2,0,1,4,0,1,4,4
33930310,339303,1,4,0,4,5,0,4,1,5
33930312,339303,2,4,0,3,4,0,3,2,4
33930313,339303,0,4,0,5,4,0,3,2,4
33930314,339303,1,4,0,6,4,0,4,1,4
33930318,339303,0,5,0,3,5,0,3,2,5
33930319,339303,1,1,0,4,3,0,3,1,3
33930322,339303,1,1,0,2,5,0,2,3,5
33930324,339303,0,1,0,5,1,0,1,1,1
33930326,339303,2,2,0,5,4,0,3,2,4
33930613,339306,8,4,0,2,4,0,2,3,4
33930614,339306,0,1,0,7,5,0,4,1,5
33930615,339306,0,2,0,4,5,0,2,3,5
33930616,339306,0,1,0,7,5,0,4,1,5
33930619,339306,1,2,0,2,5,0,1,4,5
33930622,339306,0,4,0,3,5,0,2,3,5
33930623,339306,1,3,0,3,5,0,3,2,5
33930624,339306,2,0,0,1,2,0,1,2,2
33930625,339306,6,5,0,1,5,0,0,5,5
33930627,339306,0,2,0,2,2,0,2,1,2
33930628,339306,1,1,0,3,5,0,2,3,5
33930629,339306,1,5,0,1,5,0,1,4,5
35700111,357001,6,5,0,4,5,0,3,2,5
35700113,357001,4,1,0,0,1,0,0,2,1
35700116,357001,1,4,0,4,5,0,3,2,5
35700117,357001,0,4,0,1,3,0,1,3,3
35700119,357001,5,1,0,1,1,0,0,2,1
35700120,357001,0,5,0,4,3,0,2,2,3
35700121,357001,0,1,0,3,3,0,2,2,3
35700122,357001,2,0,0,1,5,0,1,4,5
35700123,357001,1,4,0,5,5,0,4,1,5
35700124,357001,0,3,0,4,3,0,3,1,3
35700210,357002,3,2,0,3,4,0,3,2,4
35700211,357002,2,4,0,2,4,0,2,3,4
35700213,357002,1,2,0,6,5,0,4,1,5
35700214,357002,15,2,0,0,0,1,0,1,0
35700215,357002,1,3,0,7,5,0,5,0,5
35700216,357002,1,1,0,2,4,0,2,3,4
35700217,357002,0,1,0,4,5,0,3,2,5
35700218,357002,1,2,0,1,4,0,1,4,4
35700220,357002,1,5,0,4,5,0,4,1,5
35700221,357002,0,2,0,6,5,0,5,0,5
35700223,357002,0,5,0,8,5,0,4,1,5
35770111,357701,0,5,0,1,4,0,0,5,4
35770112,357701,0,4,0,0,1,0,0,2,1
35770113,357701,0,5,0,3,2,0,2,1,2
35770114,357701,4,5,0,0,3,0,0,4,3
35770116,357701,2,5,0,4,5,0,3,2,5
35770118,357701,2,4,0,4,5,0,2,3,5
35770120,357701,7,4,0,2,4,0,1,4,4
35770121,357701,5,4,0,2,5,0,1,4,5
35770126,357701,0,4,0,3,1,0,1,1,1
35770127,357701,0,3,0,5,3,0,3,1,3
35770128,357701,2,3,0,0,5,0,0,5,5
35770511,357705,4,5,0,3,5,0,3,2,5
35770512,357705,2,5,0,8,5,0,5,0,5
35770513,357705,3,3,0,2,5,0,1,4,5
35770515,357705,6,5,0,2,4,0,2,3,4
35770516,357705,0,5,0,2,5,0,2,3,5
35770520,357705,3,5,0,3,5,0,3,2,5
35770521,357705,1,4,0,7,4,0,4,1,4
35770527,357705,1,1,0,5,5,0,5,0,5
35860111,358601,11,4,0,0,5,0,0,5,5
35860112,358601,5,2,0,1,5,0,0,5,5
35860114,358601,3,5,0,4,4,0,3,2,4
35860116,358601,1,0,0,3,5,0,2,3,5
35860117,358601,0,5,0,3,5,0,3,2,5
35860119,358601,0,1,0,5,5,0,1,4,5
35860120,358601,0,5,0,4,4,0,3,2,4
35860121,358601,0,3,0,3,3,0,2,2,3
35860122,358601,2,5,0,2,5,0,1,4,5
35860123,358601,0,4,0,1,5,0,1,4,5
35860124,358601,0,5,0,2,2,0,2,1,2
35860126,358601,0,5,0,6,5,0,3,2,5
35860127,358601,1,4,0,7,5,0,2,3,5
35860312,358603,6,2,0,2,2,0,1,2,2
35860314,358603,0,3,0,3,5,0,2,3,5
35860315,358603,3,0,0,5,5,0,3,2,5
35860316,358603,2,2,0,4,5,0,3,2,5
35860317,358603,0,4,0,3,5,0,3,2,5
35860319,358603,8,2,0,3,5,0,2,3,5
35860320,358603,0,1,0,5,5,0,4,1,5
35860321,358603,0,3,0,3,5,0,0,5,5
35860323,358603,1,1,0,4,5,0,3,2,5
35860324,358603,1,4,0,3,0,0,0,1,0
35860326,358603,1,3,0,3,5,0,3,2,5
35860327,358603,0,5,0,2,2,0,2,1,2
36190210,361902,0,2,0,3,5,0,3,2,5
36190211,361902,1,5,0,5,5,0,5,0,5
36190212,361902,1,0,0,6,5,0,5,0,5
36190213,361902,0,5,0,2,5,0,2,3,5
36190216,361902,10,2,0,0,2,0,0,3,2
36190218,361902,1,3,0,4,5,0,4,1,5
36190219,361902,0,3,0,3,5,0,2,3,5
36190220,361902,0,5,0,3,4,0,2,3,4
36190223,361902,0,3,0,2,4,0,1,4,4
36190224,361902,1,5,0,6,5,0,5,0,5
36190228,361902,1,5,0,2,5,0,2,3,5
36520210,365202,1,4,0,4,5,0,2,3,5
36520213,365202,0,3,0,2,2,0,2,1,2
36520214,365202,0,2,0,4,3,0,3,1,3
36520216,365202,5,5,0,2,5,0,1,4,5
36520218,365202,4,4,0,1,4,0,1,4,4
36520219,365202,4,2,0,2,2,0,2,1,2
36520221,365202,5,2,0,2,3,0,1,3,3
36520223,365202,1,5,0,1,2,0,1,2,2
36540110,365401,1,0,0,6,5,0,3,2,5
36540111,365401,4,4,0,3,5,0,3,2,5
36540112,365401,0,5,0,7,5,0,2,3,5
36540114,365401,2,2,0,3,3,0,3,1,3
36540115,365401,0,1,0,3,4,0,2,3,4
36540118,365401,1,2,0,3,5,0,2,3,5
36540119,365401,1,2,0,1,2,0,1,2,2
36540120,365401,3,5,0,2,5,0,2,3,5
36540122,365401,1,5,0,4,5,0,4,1,5
36540123,365401,2,5,0,4,5,0,4,1,5
36540124,365401,0,5,0,3,4,0,2,3,4
36540125,365401,1,3,0,2,3,0,2,2,3
36540211,365402,3,5,0,1,5,0,1,4,5
36540212,365402,0,2,0,4,5,0,3,2,5
36540213,365402,2,4,0,2,3,0,2,2,3
36540215,365402,4,0,0,2,3,0,2,2,3
36540216,365402,3,5,0,2,3,0,2,2,3
36540218,365402,2,5,0,2,5,0,2,3,5
37150111,371501,4,5,0,4,5,0,4,1,5
37150112,371501,4,1,0,4,5,0,4,1,5
37150113,371501,2,1,0,5,5,0,3,2,5
37150114,371501,3,0,0,4,4,0,4,1,4
37150115,371501,1,5,0,4,5,0,2,3,5
37150116,371501,1,5,0,4,5,0,2,3,5
37150117,371501,4,4,0,3,3,0,3,1,3
37150210,371502,2,3,0,2,3,0,1,3,3
37150211,371502,2,2,0,3,3,0,2,2,3
37150213,371502,1,1,0,2,3,0,2,2,3
37220310,372203,1,5,0,4,3,0,3,1,3
37220312,372203,0,4,0,2,4,0,1,4,4
37220313,372203,3,0,0,4,4,0,3,2,4
37220314,372203,0,5,0,4,5,0,2,3,5
37220315,372203,7,1,0,5,5,0,3,2,5
37220316,372203,9,1,0,3,3,0,0,4,3
37220317,372203,8,2,0,3,2,0,1,2,2
37220318,372203,7,1,0,3,5,0,3,2,5
37220319,372203,0,5,0,4,5,0,2,3,5
37220320,372203,2,5,0,5,5,0,2,3,5
37220321,372203,0,1,0,3,5,0,1,4,5
37220322,372203,2,5,0,5,5,0,2,3,5
37220324,372203,0,1,0,6,5,0,4,1,5
37220325,372203,2,5,0,4,5,0,3,2,5
38130111,381301,1,1,0,2,1,0,1,1,1
38130112,381301,2,1,0,3,2,0,1,2,2
38130114,381301,5,4,0,1,0,0,0,1,0
38130115,381301,2,1,0,2,3,0,2,2,3
38130116,381301,3,4,0,0,5,0,0,5,5
38130120,381301,0,5,0,2,3,0,1,3,3
38130121,381301,1,0,0,1,5,0,1,4,5
38130122,381301,8,3,0,0,1,0,0,2,1
38130210,381302,0,1,0,3,4,0,2,3,4
38130211,381302,0,1,0,1,3,0,1,3,3
38130212,381302,0,2,0,2,5,0,2,3,5
38130213,381302,0,2,0,4,3,0,2,2,3
38130215,381302,4,1,0,2,1,0,1,1,1
38130216,381302,0,4,0,4,2,0,2,1,2
38130219,381302,1,3,0,3,2,0,2,1,2
38130220,381302,0,3,0,2,5,0,2,3,5
38370112,383701,1,2,0,3,5,0,2,3,5
38370114,383701,0,4,0,2,4,0,1,4,4
38370116,383701,0,3,0,1,5,0,1,4,5
38370118,383701,0,5,0,0,1,0,0,2,1
38370126,383701,2,5,0,2,4,0,2,3,4
38370127,383701,4,5,0,0,0,1,0,1,0
38370128,383701,1,4,0,0,5,0,0,5,5
38370210,383702,5,5,0,4,5,0,2,3,5
38370213,383702,6,2,0,0,1,0,0,2,1
38370214,383702,3,5,0,3,5,0,2,3,5
38370216,383702,5,4,0,2,4,0,2,3,4
38370217,383702,0,4,0,2,4,0,1,4,4
38370218,383702,1,4,0,2,3,0,0,4,3
38370223,383702,2,5,0,6,5,0,3,2,5
38370224,383702,2,4,0,0,5,0,0,5,5
38370226,383702,6,5,0,1,5,0,0,5,5
38370227,383702,0,5,0,4,5,0,3,2,5
38370228,383702,11,5,0,0,5,0,0,5,5
38370229,383702,0,4,0,3,4,0,3,2,4
39070210,390702,0,2,0,5,5,0,3,2,5
39070211,390702,4,4,0,1,3,0,1,3,3
39070212,390702,1,3,0,4,5,0,4,1,5
39070213,390702,0,3,0,6,5,0,5,0,5
39070215,390702,0,3,0,4,4,0,3,2,4
39070217,390702,0,3,0,2,2,0,1,2,2
39070218,390702,1,5,0,2,5,0,2,3,5
39070219,390702,1,5,0,3,4,0,2,3,4
39170110,391701,6,5,0,6,5,0,5,0,5
39170111,391701,2,3,0,5,5,0,4,1,5
39170112,391701,0,5,0,6,5,0,4,1,5
39170113,391701,6,4,0,1,1,0,1,1,1
39170114,391701,2,5,0,1,4,0,1,4,4
39170115,391701,0,5,0,6,5,0,3,2,5
39170117,391701,2,5,0,2,5,0,0,5,5
39170118,391701,4,5,0,1,5,0,1,4,5
39170211,391702,2,5,0,1,1,0,0,2,1
39170212,391702,0,5,0,4,5,0,2,3,5
39170213,391702,3,2,0,4,5,0,1,4,5
39170214,391702,3,5,0,0,3,0,0,4,3
39170215,391702,1,1,0,2,3,0,2,2,3
39170216,391702,1,3,0,3,5,0,2,3,5
39170217,391702,0,5,0,4,1,0,1,1,1
39170218,391702,3,0,0,1,5,0,1,4,5
39170219,391702,0,3,0,3,4,0,2,3,4
39170220,391702,0,2,0,5,3,0,2,2,3
39280110,392801,0,2,0,4,5,0,3,2,5
39280112,392801,10,0,0,4,3,0,3,1,3
39280113,392801,0,3,0,2,3,0,2,2,3
39280114,392801,0,0,1,5,5,0,5,0,5
39280115,392801,2,1,0,4,5,0,4,1,5
39280117,392801,0,5,0,4,4,0,3,2,4
39280118,392801,0,4,0,6,5,0,5,0,5
39280119,392801,1,1,0,4,4,0,4,1,4
39280120,392801,2,1,0,3,5,0,3,2,5
39280121,392801,1,2,0,4,5,0,4,1,5
39280122,392801,2,3,0,7,5,0,5,0,5
39280123,392801,1,0,0,6,5,0,5,0,5
39280127,392801,5,0,0,2,4,0,2,3,4
39280128,392801,2,2,0,4,5,0,4,1,5
39280129,392801,1,5,0,5,3,0,2,2,3
39280130,392801,1,5,0,6,5,0,5,0,5
39280410,392804,0,3,0,4,2,0,1,2,2
39280411,392804,0,2,0,6,5,0,4,1,5
39280412,392804,2,4,0,3,3,0,3,1,3
39280413,392804,1,0,0,1,3,0,1,3,3
39280415,392804,8,4,0,3,4,0,3,2,4
39280416,392804,1,0,0,0,4,0,0,5,4
39280417,392804,0,3,0,6,3,0,3,1,3
39280418,392804,0,3,0,3,3,0,2,2,3
39280419,392804,3,0,0,2,5,0,2,3,5
39280421,392804,0,2,0,4,5,0,3,2,5
39280422,392804,4,5,0,4,5,0,3,2,5
39280423,392804,0,1,0,0,0,1,0,1,0
39280424,392804,0,2,0,4,5,0,3,2,5
39280425,392804,1,0,0,5,4,0,2,3,4
39280427,392804,12,0,0,3,3,0,3,1,3
39890310,398903,2,5,0,5,2,0,2,1,2
39890311,398903,1,4,0,7,5,0,3,2,5
39890312,398903,2,4,0,3,5,0,3,2,5
39890313,398903,4,4,0,2,4,0,2,3,4
39890314,398903,6,5,0,4,5,0,4,1,5
39890316,398903,1,4,0,9,5,0,3,2,5
39890317,398903,0,3,0,6,5,0,4,1,5
39890319,398903,0,5,0,5,5,0,3,2,5
39890320,398903,0,3,0,3,5,0,2,3,5
39890321,398903,4,5,0,3,5,0,3,2,5
39890322,398903,6,5,0,2,3,0,2,2,3
39890324,398903,1,5,0,3,4,0,3,2,4
39890326,398903,17,5,0,0,5,0,0,5,5
39890327,398903,1,2,0,4,5,0,4,1,5
39890511,398905,2,5,0,3,5,0,2,3,5
39890514,398905,1,5,0,4,5,0,3,2,5
39890516,398905,1,3,0,3,2,0,2,1,2
39890518,398905,0,5,0,3,5,0,1,4,5
39890519,398905,2,4,0,2,5,0,2,3,5
39890520,398905,6,4,0,2,5,0,2,3,5
39890521,398905,2,0,0,3,1,0,1,1,1
39890523,398905,1,4,0,3,3,0,3,1,3
39890524,398905,1,3,0,3,3,0,3,1,3
39890527,398905,9,5,0,1,2,0,1,2,2
40220112,402201,0,0,1,4,5,0,3,2,5
40220115,402201,1,1,0,2,3,0,2,2,3
40220118,402201,2,3,0,3,3,0,1,3,3
40220119,402201,1,3,0,4,5,0,4,1,5
40220212,402202,2,5,0,5,5,0,3,2,5
40220213,402202,3,5,0,1,5,0,0,5,5
40220216,402202,3,4,0,1,4,0,1,4,4
40220219,402202,3,3,0,2,3,0,2,2,3
40220220,402202,5,3,0,1,5,0,1,4,5
40220221,402202,1,4,0,2,4,0,1,4,4
40220222,402202,0,2,0,2,5,0,2,3,5
40220223,402202,0,4,0,8,5,0,4,1,5
40220224,402202,6,5,0,1,5,0,0,5,5
41710111,417101,2,5,0,1,5,0,0,5,5
41710116,417101,3,1,0,0,1,0,0,2,1
41710120,417101,1,5,0,3,3,0,1,3,3
41710121,417101,2,2,0,0,5,0,0,5,5
41710122,417101,9,3,0,0,3,0,0,4,3
41710123,417101,1,5,0,1,3,0,0,4,3
41710211,417102,1,0,0,9,5,0,3,2,5
41710212,417102,2,5,0,7,5,0,4,1,5
41710214,417102,0,5,0,4,5,0,1,4,5
41710217,417102,3,4,0,1,5,0,1,4,5
41710219,417102,3,5,0,4,5,0,3,2,5
41710220,417102,0,4,0,0,4,0,0,5,4
41710221,417102,1,0,0,4,5,0,1,4,5
42110512,421105,3,4,0,1,5,0,0,5,5
42110513,421105,1,5,0,3,5,0,2,3,5
42110514,421105,4,4,0,2,5,0,1,4,5
42110516,421105,0,5,0,2,5,0,1,4,5
42110517,421105,0,4,0,2,5,0,1,4,5
42110518,421105,0,5,0,3,2,0,2,1,2
42110520,421105,3,2,0,1,5,0,1,4,5
42110521,421105,2,2,0,2,1,0,1,1,1
42110524,421105,0,4,0,4,3,0,1,3,3
42110525,421105,0,1,0,3,1,0,1,1,1
42110526,421105,2,1,0,0,1,0,0,2,1
43530211,435302,0,1,0,6,5,0,5,0,5
43530212,435302,0,1,0,4,5,0,3,2,5
43530213,435302,0,5,0,6,5,0,4,1,5
43530214,435302,0,5,0,6,4,0,4,1,4
43530215,435302,2,4,0,4,5,0,4,1,5
43530217,435302,3,2,0,4,5,0,4,1,5
43530218,435302,1,1,0,2,4,0,2,3,4
45460111,454601,3,2,0,4,5,0,4,1,5
45460113,454601,3,4,0,6,5,0,4,1,5
45460114,454601,3,2,0,3,5,0,3,2,5
45460115,454601,1,2,0,1,4,0,0,5,4
45460117,454601,0,3,0,6,3,0,2,2,3
45460118,454601,1,5,0,2,3,0,2,2,3
45460121,454601,0,5,0,4,4,0,2,3,4
45460122,454601,3,3,0,1,2,0,1,2,2
45460123,454601,5,2,0,1,2,0,0,3,2
45460124,454601,0,0,1,1,0,0,0,1,0
45460126,454601,0,5,0,4,4,0,2,3,4
45460129,454601,12,3,0,1,2,0,1,2,2
45460211,454602,1,5,0,2,5,0,2,3,5
45460212,454602,9,3,0,4,2,0,2,1,2
45460213,454602,6,1,0,1,3,0,1,3,3
45460214,454602,2,0,0,2,1,0,1,1,1
45460219,454602,0,1,0,9,5,0,3,2,5
45460220,454602,0,3,0,7,4,0,3,2,4
45460221,454602,1,3,0,5,5,0,4,1,5
45460222,454602,4,5,0,2,5,0,2,3,5
45460224,454602,0,5,0,5,5,0,4,1,5
45460225,454602,1,3,0,4,5,0,3,2,5
45460226,454602,1,3,0,5,5,0,3,2,5
45460228,454602,1,5,0,3,5,0,3,2,5
45460229,454602,6,2,0,4,5,0,4,1,5
45760110,457601,4,5,0,2,4,0,2,3,4
45760111,457601,7,5,0,0,5,0,0,5,5
45760114,457601,0,5,0,3,3,0,3,1,3
45760115,457601,7,3,0,5,5,0,5,0,5
45760116,457601,6,5,0,3,3,0,2,2,3
45760118,457601,1,5,0,6,5,0,3,2,5
45760119,457601,5,4,0,2,2,0,2,1,2
45760120,457601,4,5,0,2,4,0,2,3,4
45760121,457601,3,1,0,4,5,0,2,3,5
45760123,457601,1,5,0,2,3,0,1,3,3
45760210,457602,0,4,0,4,5,0,4,1,5
45760212,457602,1,3,0,2,3,0,1,3,3
45760213,457602,2,0,0,2,5,0,2,3,5
45760215,457602,5,5,0,1,5,0,1,4,5
45760219,457602,0,5,0,6,5,0,4,1,5
45760221,457602,0,3,0,4,5,0,4,1,5
45760222,457602,0,4,0,3,2,0,2,1,2
45760224,457602,1,1,0,2,4,0,2,3,4
45760225,457602,1,4,0,2,3,0,2,2,3
45830211,458302,3,3,0,3,3,0,1,3,3
45830214,458302,2,1,0,5,5,0,4,1,5
45830215,458302,3,0,0,2,4,0,1,4,4
45830216,458302,3,5,0,2,5,0,1,4,5
45830217,458302,3,1,0,1,5,0,1,4,5
45830218,458302,0,2,0,6,4,0,3,2,4
45830310,458303,0,4,0,6,4,0,4,1,4
45830311,458303,1,3,0,4,5,0,3,2,5
45830312,458303,2,3,0,7,5,0,5,0,5
45830313,458303,7,5,0,2,5,0,2,3,5
45830315,458303,1,5,0,1,4,0,1,4,4
45830317,458303,2,5,0,3,4,0,2,3,4
45830318,458303,1,4,0,5,5,0,3,2,5
45830319,458303,0,3,0,4,5,0,3,2,5
45830320,458303,7,2,0,2,2,0,1,2,2
45830321,458303,3,5,0,5,5,0,3,2,5
45830322,458303,1,3,0,5,5,0,3,2,5
45840110,458401,7,2,0,1,4,0,1,4,4
45840111,458401,0,5,0,4,5,0,3,2,5
45840113,458401,0,3,0,4,5,0,2,3,5
45840114,458401,0,5,0,3,2,0,1,2,2
45840118,458401,0,2,0,2,5,0,2,3,5
45860310,458603,0,1,0,6,5,0,4,1,5
45860311,458603,2,1,0,2,5,0,2,3,5
45860312,458603,3,3,0,4,5,0,3,2,5
45860313,458603,1,5,0,5,4,0,3,2,4
45860314,458603,2,5,0,1,4,0,1,4,4
45860319,458603,3,5,0,1,3,0,1,3,3
45860321,458603,6,0,0,0,4,0,0,5,4
45860322,458603,3,4,0,3,4,0,2,3,4
45860323,458603,3,5,0,3,4,0,2,3,4
45860324,458603,3,1,0,2,2,0,1,2,2
45860325,458603,4,2,0,2,3,0,2,2,3
47350110,473501,6,1,0,3,5,0,2,3,5
47350112,473501,1,3,0,5,5,0,3,2,5
47350114,473501,2,0,0,5,4,0,4,1,4
47350115,473501,3,5,0,4,5,0,3,2,5
47350118,473501,1,5,0,3,4,0,3,2,4
47350119,473501,1,3,0,4,3,0,1,3,3
47350120,473501,1,4,0,3,5,0,3,2,5
47350122,473501,0,4,0,4,3,0,2,2,3
47350123,473501,5,5,0,4,5,0,4,1,5
47350124,473501,4,5,0,4,3,0,3,1,3
47350125,473501,1,5,0,3,5,0,3,2,5
47350128,473501,0,5,0,4,5,0,2,3,5
47580310,475803,0,5,0,3,5,0,3,2,5
47580311,475803,8,5,0,1,3,0,0,4,3
47580313,475803,9,5,0,1,3,0,1,3,3
47580314,475803,0,5,0,4,4,0,2,3,4
47580316,475803,2,4,0,6,5,0,4,1,5
47580317,475803,2,3,0,3,5,0,1,4,5
47580319,475803,2,4,0,7,4,0,4,1,4
47580320,475803,9,3,0,0,5,0,0,5,5
47580321,475803,0,5,0,2,3,0,1,3,3
47580322,475803,1,4,0,1,5,0,1,4,5
47580323,475803,3,5,0,2,5,0,2,3,5
47580324,475803,0,1,0,4,5,0,4,1,5
47580325,475803,15,4,0,1,1,0,1,1,1
47580610,475806,3,5,0,1,4,0,1,4,4
47580611,475806,0,1,0,7,5,0,4,1,5
47580613,475806,2,5,0,1,3,0,1,3,3
47580614,475806,2,4,0,1,3,0,0,4,3
47580615,475806,2,5,0,5,5,0,4,1,5
47580616,475806,0,2,0,3,3,0,2,2,3
47580619,475806,8,5,0,1,5,0,1,4,5
47580620,475806,0,5,0,2,2,0,1,2,2
47580621,475806,0,5,0,6,5,0,5,0,5
47580622,475806,8,4,0,1,3,0,1,3,3
47580624,475806,1,5,0,1,3,0,1,3,3
47580625,475806,0,0,1,2,5,0,1,4,5
47580626,475806,4,2,0,3,5,0,2,3,5
47580627,475806,0,2,0,6,4,0,4,1,4
47650110,476501,0,0,1,5,5,0,5,0,5
47650111,476501,3,5,0,1,4,0,1,4,4
47650113,476501,1,3,0,5,5,0,4,1,5
47650114,476501,4,3,0,6,5,0,5,0,5
47650115,476501,3,5,0,2,4,0,2,3,4
47650118,476501,2,4,0,1,3,0,1,3,3
47650119,476501,4,3,0,3,3,0,2,2,3
47650120,476501,0,2,0,4,5,0,4,1,5
47650121,476501,3,4,0,1,2,0,1,2,2
47650122,476501,5,5,0,0,1,0,0,2,1
47650123,476501,0,0,1,5,5,0,5,0,5
47650124,476501,1,4,0,3,4,0,3,2,4
47650125,476501,4,4,0,3,4,0,2,3,4
47650126,476501,3,0,0,2,5,0,2,3,5
47650310,476503,0,5,0,3,4,0,1,4,4
47650313,476503,5,5,0,3,5,0,2,3,5
47650314,476503,9,3,0,2,5,0,2,3,5
47650316,476503,2,5,0,6,5,0,5,0,5
47650317,476503,1,2,0,10,4,0,4,1,4
47650318,476503,9,5,0,1,4,0,1,4,4
47650319,476503,1,5,0,3,5,0,3,2,5
47650320,476503,4,5,0,4,5,0,4,1,5
47650321,476503,0,5,0,2,5,0,2,3,5
47650322,476503,0,5,0,2,5,0,2,3,5
47650323,476503,0,3,0,4,5,0,3,2,5
47650324,476503,8,5,0,3,5,0,1,4,5
47650325,476503,0,5,0,7,5,0,4,1,5
47650326,476503,2,3,0,0,0,1,0,1,0
47650328,476503,11,5,0,0,2,0,0,3,2
47750115,477501,5,3,0,0,4,0,0,5,4
47750116,477501,1,2,0,3,5,0,3,2,5
47750118,477501,0,5,0,4,5,0,1,4,5
47750122,477501,5,5,0,4,4,0,3,2,4
47750123,477501,0,2,0,2,4,0,2,3,4
47750124,477501,0,3,0,3,1,0,1,1,1
47750125,477501,0,2,0,4,4,0,2,3,4
47750126,477501,0,0,1,5,4,0,3,2,4
47750128,477501,3,0,0,2,1,0,1,1,1
47750410,477504,0,2,0,3,5,0,2,3,5
47750411,477504,1,0,0,5,5,0,4,1,5
47750413,477504,1,2,0,7,5,0,5,0,5
47750416,477504,5,1,0,4,4,0,3,2,4
47750417,477504,2,5,0,3,5,0,2,3,5
47750418,477504,1,3,0,3,5,0,3,2,5
47750419,477504,6,2,0,2,2,0,2,1,2
47750420,477504,1,5,0,5,5,0,4,1,5
47750421,477504,5,3,0,3,4,0,3,2,4
47750422,477504,3,1,0,5,5,0,4,1,5
47750423,477504,0,4,0,5,5,0,4,1,5
47750425,477504,5,4,0,2,3,0,2,2,3
48790111,487901,3,4,0,2,3,0,1,3,3
48790113,487901,0,5,0,1,5,0,0,5,5
48790114,487901,3,5,0,2,5,0,2,3,5
48790115,487901,2,2,0,3,5,0,2,3,5
48790119,487901,1,4,0,2,5,0,1,4,5
48790121,487901,1,5,0,1,5,0,1,4,5
48790123,487901,2,1,0,3,3,0,2,2,3
49670111,496701,0,3,0,4,4,0,3,2,4
49670112,496701,3,5,0,2,3,0,2,2,3
49670113,496701,0,3,0,3,3,0,3,1,3
49670114,496701,1,5,0,5,2,0,2,1,2
49670115,496701,0,4,0,3,4,0,2,3,4
49670116,496701,0,2,0,4,4,0,3,2,4
49670117,496701,3,3,0,4,3,0,3,1,3
49670118,496701,1,0,0,4,3,0,3,1,3
49670120,496701,0,5,0,2,2,0,2,1,2
49670121,496701,9,2,0,1,4,0,1,4,4
49670122,496701,1,1,0,4,3,0,3,1,3
49670123,496701,2,0,0,2,5,0,2,3,5
49670124,496701,1,5,0,5,5,0,3,2,5
49840110,498401,4,0,0,3,4,0,3,2,4
49840111,498401,11,5,0,0,5,0,0,5,5
49840114,498401,1,5,0,2,5,0,1,4,5
49840116,498401,1,5,0,2,5,0,2,3,5
49840118,498401,3,5,0,5,5,0,5,0,5
49840119,498401,4,3,0,4,3,0,2,2,3
49840120,498401,2,4,0,5,3,0,3,1,3
49840121,498401,0,3,0,6,5,0,5,0,5
49840122,498401,7,5,0,4,5,0,3,2,5
49840410,498404,1,4,0,3,3,0,3,1,3
49840412,498404,3,3,0,2,2,0,2,1,2
49840413,498404,3,5,0,3,4,0,3,2,4
49840417,498404,3,0,0,4,5,0,3,2,5
49840418,498404,3,2,0,3,5,0,3,2,5
49840420,498404,3,0,0,4,5,0,3,2,5
49840422,498404,1,2,0,5,5,0,5,0,5
49840424,498404,0,4,0,3,3,0,3,1,3
49840426,498404,1,1,0,3,1,0,1,1,1
49940111,499401,2,4,0,3,4,0,3,2,4
49940112,499401,0,3,0,3,2,0,0,3,2
49940113,499401,4,3,0,5,3,0,3,1,3
49940114,499401,1,4,0,3,5,0,3,2,5
49940115,499401,1,4,0,1,5,0,0,5,5
49940117,499401,8,0,0,3,3,0,3,1,3
49940118,499401,0,0,1,5,4,0,3,2,4
49940119,499401,3,1,0,3,3,0,3,1,3
49940120,499401,3,0,0,2,3,0,1,3,3
49940121,499401,1,1,0,0,3,0,0,4,3
49940122,499401,0,1,0,4,0,0,0,1,0
49940210,499402,0,1,0,1,2,0,1,2,2
49940212,499402,2,3,0,4,5,0,4,1,5
49940213,499402,2,4,0,3,3,0,3,1,3
49940214,499402,3,2,0,1,3,0,1,3,3
49940216,499402,6,1,0,1,1,0,1,1,1
49940217,499402,2,2,0,2,2,0,2,1,2
49940218,499402,3,5,0,1,3,0,1,3,3
50280110,502801,1,3,0,3,5,0,3,2,5
50280111,502801,1,3,0,3,5,0,2,3,5
50280114,502801,0,5,0,3,3,0,1,3,3
50280115,502801,3,1,0,3,3,0,1,3,3
50280117,502801,7,2,0,0,3,0,0,4,3
50440110,504401,7,5,0,1,4,0,1,4,4
50440111,504401,0,3,0,4,2,0,2,1,2
50440113,504401,3,2,0,2,2,0,2,1,2
50440114,504401,1,4,0,1,4,0,1,4,4
50440115,504401,1,3,0,2,3,0,1,3,3
50440116,504401,2,4,0,4,5,0,4,1,5
50440118,504401,3,1,0,1,1,0,1,1,1
50440120,504401,2,5,0,3,3,0,2,2,3
50440121,504401,4,0,0,3,3,0,3,1,3
50440122,504401,1,0,0,6,5,0,3,2,5
50440123,504401,4,3,0,2,5,0,0,5,5
50440124,504401,0,1,0,4,4,0,3,2,4
50440125,504401,5,5,0,2,2,0,1,2,2
50440126,504401,2,5,0,5,5,0,3,2,5
50440127,504401,5,3,0,1,2,0,1,2,2
50440128,504401,6,5,0,1,4,0,0,5,4
50440310,504403,7,5,0,2,3,0,2,2,3
50440311,504403,1,1,0,3,4,0,3,2,4
50440312,504403,1,5,0,2,5,0,1,4,5
50440315,504403,0,2,0,5,4,0,4,1,4
50440317,504403,0,5,0,1,5,0,1,4,5
50440320,504403,0,5,0,3,5,0,2,3,5
50440321,504403,4,2,0,0,3,0,0,4,3
50440322,504403,1,4,0,5,3,0,3,1,3
50440326,504403,6,4,0,2,3,0,1,3,3
50440327,504403,1,1,0,4,5,0,3,2,5
50570114,505701,2,1,0,2,2,0,1,2,2
50570115,505701,1,4,0,0,5,0,0,5,5
50570116,505701,0,4,0,1,5,0,1,4,5
50570120,505701,0,5,0,1,5,0,1,4,5
50570122,505701,0,5,0,3,4,0,1,4,4
50570124,505701,3,5,0,1,3,0,1,3,3
50570126,505701,0,3,0,2,5,0,0,5,5
50570127,505701,4,4,0,0,1,0,0,2,1
50570128,505701,0,5,0,4,5,0,2,3,5
50570130,505701,1,3,0,2,3,0,1,3,3
50570131,505701,0,1,0,2,1,0,1,1,1
51300210,513002,1,2,0,6,5,0,4,1,5
51300211,513002,0,5,0,4,5,0,3,2,5
51300214,513002,4,3,0,5,5,0,4,1,5
51300215,513002,0,3,0,2,2,0,0,3,2
51300216,513002,1,4,0,0,4,0,0,5,4
51300217,513002,2,3,0,1,5,0,0,5,5
51300218,513002,0,2,0,3,4,0,2,3,4
51300219,513002,9,4,0,3,5,0,3,2,5
51300220,513002,1,5,0,1,5,0,0,5,5
51300224,513002,0,4,0,4,5,0,2,3,5
51300225,513002,0,5,0,1,3,0,1,3,3
51300226,513002,4,0,0,1,5,0,1,4,5
51300227,513002,0,4,0,4,4,0,2,3,4
51300228,513002,3,1,0,5,4,0,3,2,4
51300229,513002,6,0,0,3,5,0,3,2,5
51300310,513003,1,3,0,5,4,0,3,2,4
51300312,513003,3,5,0,5,5,0,4,1,5
51300314,513003,0,5,0,2,5,0,2,3,5
51300315,513003,4,3,0,8,5,0,5,0,5
51300316,513003,0,5,0,8,5,0,4,1,5
51300317,513003,1,5,0,4,5,0,3,2,5
51300318,513003,0,4,0,5,5,0,4,1,5
51300319,513003,3,3,0,3,4,0,2,3,4
51300320,513003,0,3,0,2,4,0,1,4,4
51300321,513003,9,3,0,1,5,0,1,4,5
51300322,513003,0,4,0,5,4,0,3,2,4
51300323,513003,1,4,0,4,4,0,3,2,4
51300324,513003,0,2,0,3,4,0,2,3,4
51300325,513003,0,2,0,9,4,0,4,1,4
51300326,513003,3,5,0,2,3,0,2,2,3
51300327,513003,2,5,0,2,5,0,2,3,5
51300328,513003,10,5,0,3,3,0,2,2,3
51300329,513003,14,5,0,3,3,0,3,1,3
51670110,516701,1,4,0,4,5,0,3,2,5
51670111,516701,2,2,0,4,5,0,2,3,5
51670112,516701,1,3,0,3,5,0,2,3,5
51670114,516701,0,5,0,4,5,0,3,2,5
51670116,516701,0,5,0,2,5,0,1,4,5
51670117,516701,0,4,0,4,2,0,2,1,2
51670121,516701,2,1,0,3,4,0,3,2,4
51670123,516701,3,3,0,2,3,0,1,3,3
51670124,516701,3,0,0,2,5,0,1,4,5
51670125,516701,1,5,0,4,4,0,3,2,4
51670210,516702,4,5,0,1,5,0,1,4,5
51670212,516702,0,3,0,4,2,0,2,1,2
51670215,516702,1,4,0,3,3,0,2,2,3
51670216,516702,1,4,0,4,5,0,4,1,5
51670217,516702,3,1,0,1,2,0,1,2,2
51670219,516702,1,5,0,3,3,0,2,2,3
51670221,516702,1,4,0,2,4,0,2,3,4
51670225,516702,0,4,0,1,3,0,1,3,3
52030210,520302,0,5,0,2,5,0,1,4,5
52030211,520302,0,5,0,1,5,0,1,4,5
52030212,520302,5,3,0,2,4,0,2,3,4
52030213,520302,4,5,0,2,2,0,2,1,2
52030214,520302,4,5,0,2,3,0,2,2,3
52030215,520302,1,1,0,3,4,0,3,2,4
52030217,520302,0,4,0,7,5,0,4,1,5
52030218,520302,3,4,0,0,3,0,0,4,3
52030219,520302,0,5,0,3,5,0,2,3,5
52030223,520302,2,3,0,1,2,0,1,2,2
52030225,520302,0,4,0,3,5,0,0,5,5
52030410,520304,3,4,0,3,4,0,2,3,4
52030413,520304,11,5,0,3,5,0,3,2,5
52030414,520304,1,1,0,5,3,0,2,2,3
52030416,520304,8,4,0,3,5,0,3,2,5
52030417,520304,4,5,0,4,3,0,2,2,3
52030418,520304,0,3,0,2,5,0,2,3,5
52030419,520304,8,4,0,0,2,0,0,3,2
52030420,520304,2,5,0,5,5,0,3,2,5
52030421,520304,0,2,0,4,4,0,2,3,4
52180110,521801,0,5,0,1,4,0,1,4,4
52180112,521801,0,1,0,0,1,0,0,2,1
52180113,521801,5,4,0,0,0,1,0,1,0
52180114,521801,3,4,0,2,2,0,2,1,2
52180118,521801,0,1,0,0,0,1,0,1,0
52180123,521801,1,4,0,2,0,0,0,1,0
52180124,521801,0,2,0,1,4,0,1,4,4
52180125,521801,0,4,0,3,2,0,1,2,2
52180126,521801,0,0,1,1,5,0,1,4,5
52180127,521801,2,1,0,0,2,0,0,3,2
52180129,521801,2,4,0,2,4,0,1,4,4
52180130,521801,9,3,0,2,3,0,1,3,3
52180210,521802,0,4,0,1,5,0,0,5,5
52180215,521802,0,5,0,4,3,0,1,3,3
52180216,521802,3,3,0,1,3,0,1,3,3
52180218,521802,1,4,0,7,5,0,3,2,5
52180219,521802,7,1,0,2,2,0,1,2,2
52180220,521802,0,0,1,7,4,0,2,3,4
52180223,521802,2,2,0,2,4,0,2,3,4
52180224,521802,0,2,0,2,5,0,2,3,5
52180225,521802,0,4,0,0,5,0,0,5,5
52180227,521802,5,3,0,5,5,0,3,2,5
52180228,521802,0,5,0,4,5,0,3,2,5
52180230,521802,0,3,0,3,3,0,2,2,3
52280212,522802,5,0,0,0,4,0,0,5,4
52280213,522802,0,4,0,5,5,0,3,2,5
52280214,522802,1,3,0,0,5,0,0,5,5
52280217,522802,2,1,0,0,5,0,0,5,5
52280218,522802,0,3,0,4,5,0,1,4,5
52280220,522802,0,4,0,0,0,1,0,1,0
52280222,522802,0,2,0,1,5,0,1,4,5
52280223,522802,1,3,0,3,5,0,2,3,5
52280410,522804,7,5,0,2,3,0,2,2,3
52280411,522804,4,5,0,4,5,0,2,3,5
52280412,522804,1,3,0,3,5,0,3,2,5
52280413,522804,2,2,0,2,3,0,2,2,3
52280414,522804,0,5,0,4,5,0,3,2,5
52280415,522804,0,5,0,4,5,0,3,2,5
52280416,522804,0,5,0,5,4,0,3,2,4
52280417,522804,0,4,0,6,3,0,2,2,3
52280420,522804,11,0,0,2,5,0,1,4,5
52280421,522804,1,0,0,6,5,0,4,1,5
52280423,522804,8,1,0,0,5,0,0,5,5
52280424,522804,1,3,0,3,5,0,3,2,5
53920310,539203,3,4,0,6,5,0,4,1,5
53920311,539203,0,5,0,3,2,0,1,2,2
53920312,539203,0,5,0,2,1,0,1,1,1
53920315,539203,2,2,0,1,5,0,0,5,5
53920316,539203,1,3,0,2,3,0,2,2,3
53920317,539203,0,5,0,3,4,0,2,3,4
53920318,539203,0,4,0,6,4,0,4,1,4
53920319,539203,1,5,0,2,2,0,1,2,2
53920320,539203,2,4,0,3,3,0,2,2,3
53920322,539203,6,5,0,5,4,0,4,1,4
53920323,539203,14,5,0,0,4,0,0,5,4
53920324,539203,2,5,0,3,5,0,2,3,5
53920610,539206,0,1,0,3,2,0,2,1,2
53920611,539206,7,1,0,3,3,0,3,1,3
53920612,539206,1,3,0,1,3,0,1,3,3
53920613,539206,1,4,0,2,4,0,2,3,4
53920614,539206,11,5,0,1,3,0,1,3,3
53920615,539206,2,4,0,3,3,0,2,2,3
53920617,539206,3,4,0,5,5,0,3,2,5
53920618,539206,3,5,0,3,3,0,2,2,3
53920620,539206,1,4,0,1,3,0,0,4,3
53920621,539206,1,3,0,5,4,0,4,1,4
53920622,539206,1,4,0,4,5,0,3,2,5
53930210,539302,1,5,0,5,5,0,2,3,5
53930211,539302,4,2,0,2,2,0,2,1,2
53930212,539302,3,1,0,3,5,0,3,2,5
53930213,539302,4,5,0,1,2,0,0,3,2
53930214,539302,0,0,1,6,3,0,3,1,3
53930215,539302,0,3,0,3,3,0,2,2,3
53930218,539302,4,5,0,0,3,0,0,4,3
53930220,539302,5,1,0,0,0,1,0,1,0
53930222,539302,4,5,0,2,5,0,1,4,5
54500111,545001,2,4,0,1,3,0,1,3,3
54500112,545001,0,0,1,8,5,0,2,3,5
54500113,545001,0,0,1,1,2,0,0,3,2
54500114,545001,0,3,0,5,5,0,2,3,5
54500116,545001,0,4,0,0,5,0,0,5,5
54500117,545001,2,4,0,3,5,0,1,4,5
54500118,545001,2,5,0,3,4,0,1,4,4
54500120,545001,0,3,0,3,2,0,2,1,2
54500121,545001,5,4,0,3,5,0,3,2,5
54500122,545001,7,5,0,1,4,0,1,4,4
54500123,545001,2,2,0,3,2,0,1,2,2
54500124,545001,6,5,0,1,3,0,1,3,3
54500125,545001,1,2,0,2,2,0,2,1,2
54500126,545001,1,1,0,3,3,0,1,3,3
54500310,545003,0,0,1,6,5,0,2,3,5
54500311,545003,6,5,0,2,5,0,1,4,5
54500313,545003,0,5,0,4,5,0,2,3,5
54500314,545003,6,3,0,0,0,1,0,1,0
54500316,545003,1,3,0,3,4,0,3,2,4
54500317,545003,0,1,0,3,0,0,0,1,0
54500318,545003,2,0,0,1,5,0,1,4,5
54500320,545003,4,5,0,1,5,0,1,4,5
54500321,545003,1,3,0,1,4,0,1,4,4
54500324,545003,0,4,0,4,5,0,3,2,5
54500325,545003,0,2,0,4,5,0,4,1,5
54500326,545003,0,4,0,3,3,0,3,1,3
54800110,548001,1,3,0,3,5,0,2,3,5
54800111,548001,0,5,0,3,5,0,2,3,5
54800113,548001,0,0,1,3,5,0,1,4,5
54800114,548001,0,5,0,1,4,0,1,4,4
54800115,548001,2,5,0,3,4,0,3,2,4
54800116,548001,0,0,1,4,5,0,2,3,5
54800117,548001,1,1,0,5,5,0,4,1,5
54800119,548001,1,4,0,3,5,0,3,2,5
54800121,548001,2,5,0,4,5,0,3,2,5
56540313,565403,2,5,0,0,5,0,0,5,5
56540314,565403,3,4,0,3,4,0,3,2,4
56540315,565403,2,5,0,1,5,0,1,4,5
56540316,565403,1,5,0,4,3,0,3,1,3
56540317,565403,2,0,0,6,4,0,2,3,4
56540318,565403,12,5,0,0,5,0,0,5,5
56540320,565403,1,5,0,1,5,0,1,4,5
56540321,565403,0,0,1,7,5,0,4,1,5
56540323,565403,5,2,0,4,5,0,4,1,5
56540324,565403,4,3,0,6,4,0,3,2,4
56540325,565403,0,0,1,3,5,0,3,2,5
56540326,565403,1,0,0,4,5,0,3,2,5
56540327,565403,3,0,0,5,5,0,3,2,5
56540328,565403,5,1,0,3,5,0,3,2,5
56540329,565403,8,3,0,4,5,0,4,1,5
56540330,565403,0,3,0,6,5,0,3,2,5
56540332,565403,2,5,0,5,5,0,4,1,5
58130111,581301,3,5,0,1,2,0,1,2,2
58130113,581301,1,5,0,0,0,1,0,1,0
58130114,581301,4,5,0,2,2,0,0,3,2
58130119,581301,1,5,0,2,4,0,2,3,4
58130124,581301,1,5,0,0,1,0,0,2,1
59530110,595301,2,2,0,3,5,0,3,2,5
59530112,595301,7,4,0,1,1,0,1,1,1
59530114,595301,2,5,0,3,5,0,2,3,5
59530115,595301,3,3,0,2,3,0,2,2,3
59530210,595302,2,4,0,3,4,0,2,3,4
59530214,595302,2,1,0,3,4,0,2,3,4
59530217,595302,2,3,0,6,5,0,4,1,5
